pool1_scaffold42_1, pool1_scaffold42_1-1, , GAGATTGTCACGCATGAATCGGTTCGGAGGCGCGGCGGCGGTTTTTCGACATGCGGATGCTGGTACACTGACACCGAGTTTGTTTTGAAGGGATTGCAGATAATGTGCGGAATTGCTGGTTTCGTCAACGATATGCCCATTGACGTGAAATGCCCGGTCCTCCAACGTATGACCGACATGATCGCGCATCGCGGGCCGGACAGCGAAGGCCATTACATCGACGAGCATGCGGCGCTCGGCCATCGAAGGCTCAGCATCATCGACCTCGGCGGCGGCCAGCAGCCCATCTACAACGAGGATGGTTCGAAGGTCATCACCTTCAACGGCGAGATCTACAACTATCAGACGCTGCGTGAGGAATTGATCGCGGCCGGACACACCTTCACCACCAAAAGCGATACCGAGGTGCTGCTGCACGGCTATGAGCAGTGGGGTGTGGATTTGCTGCAGCGCGTACGTGGCATGTTCACTTTCGTGATCTGGGACAAGAACAAGCAGGAGCTGTTCGGCGCGCGCGACCATTTCGGCATCAAGCCCTTCTACTATGCGAAGATGAACGGCACGTTCATGTACGCGTCGGAGATCAAGAGCCTGTTGCGCCACCCCGATTTCGTCAAGGAGCTCAACGCCGAGGCGTTGAAGCCGTATATGACCTTCCAGTATCCGGCGATCGGTGAGACCTTCTTCAAAGGCGTCTACAAGCTGCCGGAAGGGCACTATTTCACGTACCGGGATGGCAAGATGGACATCCACCGGTATTACGACGAGGATTTCCGCGAAGGCAAGCAGAAGCTGGGCGAGCTGGTGAACTCGATCGACCAGACGGTGTGCGATTCCGTCAAGGCGCACCAGATCGCCGATGTGGAGGTCGGCTCCTTCCTGTCGAGCGGTGTCGACTCCAGCTACGTCGCCGCCGTGGCGCGTCCGCAGCACACGTATTCGATCGGTTTCGGCAAAGGCACGTACAACGAATCGCAGCAGGCCGGCGAACTGGCGGAACTGCTCAAACTGAACAACACCGCCGAGTCGTTGACCGACGAGGAGGCGTTCGCCGCGTTCCCGCGCATCCAATGGCATCTCGACGAGCCGGACTCCAATCCGAGCTGCGTGCCGCTGTACTTCCTGTCCGCATTGGCCGCCAAAGACGTGAAGGTGGTGCTGAGCGGCGAAGGCGCCGACGAGTTGTTCGCCGGATACATCGACTACGGCGTGCACACCAAATTCAAGCCCATCAAGGTGGTGACTCGCTGGCTCACGCATCTGCCAGCCGGCGCGCGCAAGGCGATCGCCCGGTTCTGCAAGGGCAAGACCTTCCCGGGCGCATGGCATCTGTACGCCAATCTTGCGCCGGCCGAGGAAAGCTTCATCGGACAGGCACGTGTGTTTGAGGAATCGCAGTCCGAACAGCTGCTCAAGCCTGAATACCGCAAGGCGCCGAGCGTGCAAAGCATCGTCGATAAGACGTATGCGCGTGTGGAAGGCAAGGGTCTGAGTGAACTGAAGAAGAAGCAGTACCTTGACATGCATCAGTGGATGCCGGGTGACATTCTGCTCAAGGCCGACAAGATGACCATGGCGCATTCGCTGGAATTGCGTGTGCCGCTGCTCGACAAGGAGCTCATGGGCGTGGCCGAGCAGGTGCCGACCAAGTACCTCATCACCGACGAGAACACGAAATACGCGTTCCGCCAGGCGGCGGGACGTCATCTGCCCAAGGAATGGTACGACCGTGAGAAGCTTGGCTTCCCGGTGCCGATCAAGAAGTGGCTGCGTGAGGAGAAGTTCTACAAGTACGTCCGTTCCGTGTTCGAACGCGATTACGTCAGCCAGTTCTTCGACCAGGACGCGCTGCTGAAGATGATCGATGACAACTATGCCGGCAAAACCGACGATCGCCGCAAGATCTGGACCGTGTACTCGTTCCTGACGTGGTACGACGTCTACTTCGTGCACGACGGCGAGAAGCCGGACGTCATCGCCATCGCC, asparagine synthetase [Bifidobacterium adolescentis ATCC 15703], 8888, 10879, -1, 1.25636, 
pool1_scaffold42_1, pool1_scaffold42_1-10, , ACACGATTCCAACCGATTCTGCTGGGCAGCGACATCAACGTCTACGGCATGGCCAGGGCGTTCCATGAGGAGTACGGCATCGTTTCCGAGGCGTATGCGTATTTCCAGCTGAGCCCCACGAAATTCAGCCGTATCGTCAACGTGCACATCGTCGACGATTTCAACAACTTCGTCACGTTCCGTAATTTCATGCTCAAGCTCGGCAAGCGTATGAAGGCCGAGGATCCGGAACGCGTGCTGCTGCTCATCCCCTGCGGCGACGTGTACGCCAATCTGCTGAGCCAGTGCGGCGACGATCTTCGCGAATATTTCGTATACAACACGCTTGACGTGAACCTTTCGCGCCGGCTCGCCTACAAGTCCACGTTCTACCAGATCTGCGAGCAGTATGATCTGCCCCATCCGAAGACGCGCACCGTCACCGCCGATGAGGTGAAGGCAGGAGCCTACCGTGATTTGCCGTTCAGCTATCCGGTGGCCATGAAGCCCGCGAATTCGGTGGAATGGCTCAACATCGATTTCGAGGGCCGTCGCAAGGCCTACATCTTCAACGATCCGGCCGAATTGGAGACCATCATCAAGCGTGCGTACGATGCCGGATACACGTCCGAAATGGTGATTCAGGACTTCATCCCCGGCGACGATTCCCGTATGCGTGTGCTGAACGCCTATGTGGACCAGCATCATCGCGTGCGTATGATGTTCCTCGGCCACCCGCTGCTGGAGGATCCCTCCCCTGTCGCCGCGGGCAACTATGCGGCCATTCTGCCCGACTACAACGAGGGTGTGTTCCGTCGTATCAAGGCTTTCCTCGAGGACATCAAATACGAGGGCGTGGCCAATTTCGACATGAAGTACGACGAACGCGACGGCGAGTACAAGCTGTTCGAAATCAACCTTCGCCAAGGACGTTCCAGCTATTTCGTCACGCTGAACGGCTTCAATCTGGCGAAGTATTTCGTCGACGACCTCGTCGAGGACACGCCGTTCGACGGCAACACCCTGTTCGGCCGCGGTTCGAAACTGTGGCTTGAGATTCCGAAGTCGATTTTCCTTGATTACGTCGCAGAAGGCACTGACAAGGAAACCGGCAAGCTCATGCTCAAATCGGGCGATTGGGGTACCACCTTGGAGTATTCCAAGGATATGAATCCGCTGCGTTGGCTGATGATTCGGCACATGTTCTCGATTTACAAGAAGAGCTATGCCAAGTACTTCACCAAGAAGGGCGAGCTTAAG, carboxylate--amine ligase [Bifidobacterium adolescentis], 18683, 19927, 1, 1.26678, 
pool1_scaffold42_1, pool1_scaffold42_1-11, , GGCACGCTGGCCACCGAAAGCTACATCCGCTTGGTCAACCGCGCCACGCATGCCCATTGCGATCAGGATTATCTGGACTACATCGTCTTCAACGATTCCTCCGTGCCGGACCGCACCGCGTACATTCTCGGCGAATCCGACGAGAATCCCTTCCCCGTACTCGCCGACGATATCGAGAAGGCAACGGCGATGGGCGCGAGTTTCATTGTGCTCACCTGCAATACCGCGCACTATTTCTATGACGATTTCCAGGCGTTGACGACGGTGCCGATTCTACATATGCCACGCGGCGCGGTGGCACGCATGGCTCAGCGTTATCCGAAGGATCGTTTTCCGCGGGTCGGTTTCCTCGGCACCGTGGGTTCGCGCAAATCCGGCGTGTACAAGCGTGCCGTCGAAGAGGCCGGGTACACGTTCGTCGAACCGACCGACGAGTTGCAGGCCCGTATCACTTCGCTGATTTATGACGATGTGAAAGGTAGTGGCGAGCTCAATCTGGAACGCTACGAATCGGTGTTGCGCGATATGCTCGATCCGGCAGGCCCCTGCGCGTGCGACACGCTGATATTGGGCTGCACCGAGCTGAGCGTGCTCAACGAGGCGTTTCCGCTGCCCCAGCTGCCGGTCATCGACGCGCAGGCCGTGCTGGTGGAAGATACCGTGGCGCGGGCCGAAGCGTTGCGCGCG, aspartate racemase [Bifidobacterium adolescentis ATCC 15703], 19957, 20649, 1, 1.25644, 
pool1_scaffold42_1, pool1_scaffold42_1-12, , TCATTCGAACATCCCAATCGCAACAACGAAAGCATGATCGACGTCGAACGCGACATCATGAGCCGTCCATCGGAACGCAACACCACCAATCTCGACCTGCAACGCATGAAGATGATCCTCGACATCATGGGCCATCCGGAGCAGTCGTTCCGCGTCATCCACATCACCGGCACCAACGGCAAGGGCTCCACGGCACGTATGGCCGAAGCCATCTGCCGCGCCTACGGCATGCGTACGGGCCTATACACCTCGCCCCATCTGGAACACGTCAACGAGCGCATCGCCATCGACGGCCAGCAGCTGTCCGACGACGATTTCGTCGACACCTGGGACCAGGTCAAGGACCTTGTCGCCATCGTGGACATGAAAATGGACGAGCTGGGCAAGCCGAAGATGAGCTTCTTCGAAGTGCTCACCGCCATGGCCATCTGGAAATTCGCCGACGCGCCGGTCGACGTCGCCATCGTGGAAGTCGGCATGGGCGGCCGATGGGACGCCACCAACGTGCTCGACGCGGACGCGGCCATCATCGGCCCGGTCGACATGGACCACATGGCATGGCTCGGCGACACCGTGGAGGAAATCGCCACGGAAAAGGTCGGCATCATCAAGCCGAACTGCACCGCCATCATCGGCCGCCAGCCACACGAGGACGAGGTCATGCCGATTATCGAGGCCGCGGCCAAGGAGAACCACGCCAGCTTGGTGCGCGACGGCGTCGAATCGGAAGTCGTCACCCGAGTGCCGGCCGTCGGCGGCCAGGTGGCCACCCTGCGCACTCCGAACGGCACTTACACGGAAGTACCGATCGCCAAATTCGGCGAGCATCAGGCACACAACGCGCTCGCCGCACTGTGCGCGGCGGAAGTGGTGATTCCCGTCAACGGCGCGTTGGACGGCGATTTGGTGGCCGAAGCGTTGAGCAGCGTACGCATTCCGGGACGTATCGAACAAATTCGTACCTCGCCTACCATCATCCTTGATGGCGGGCACAACGTGAACGCGGCCGAATCGCTGCGTGCCGCCATTGAAGAGAACTATGATTTCCAGCAGCTCGTCGGCGTGGTCGCCATGATGGGGGACAAGCAGGTCGAGGAGTATCTGGGCGTGCTCGAACCGTTGCTGAGCCATGTGATCGTCACCGAGAACTCGTGGCGTGACCGAGTGATGCCGGCTGAGGATCTGAAGAAGATCGCGGACCGTGTTTTCGGGCCGGAACGCGTCACCTGCATTCCCGAATTGCCGGACGCCATCCAGGAAGCCGTCAACATGGTTGATGCCGATGACGAACTGGGCGTCGGCTACGGTCATGGCGTGCTCGTCTGTGGCAGCTTCACAACCGCCGGTGATGCGCGACTCATGCTGGAGGAGAAGATCAACTCCGACCTGAAGAAGCCAAAGGCCGAACGTGTGTTCCAGGAATCCGTCGATCCGGAACCGCGCAAAAAGCAGGACGAGGCTGACGTGGATTTCGAATCCGACGCCAACCCTGATTTCAACATCAACGATTTCGGCAGCGTCGGTCCGGACGATTCCGTTTTAGCAGACGCCGATGCGGATGAAATGGATGAGGCGGCGGATGCCAACGAACCGGCGGATGCGGAAACGGCTTCGGAAAACGAAACGAAG, bifunctional protein FolC [Bifidobacterium adolescentis CAG:119], 20809, 22443, -1, 1.23936, 
pool1_scaffold42_1, pool1_scaffold42_1-13, , GGCGAAGTCATTACTGACAAGGACAAGGAATACGAGAAGATGGAGCGGGAGGCCGCTCCGGGACCGGATCAGGCCATGAGCGATCGTGTGAACAATCGTTCGCTGCGTCCGCGTTCCGAGGCGTTCAAGGAGTTCATGACCACCGGTTGGGATGACAACGAGCCGCAGATCGAGCCGTTGGAGTCCTCCAAGTACACGCCGGCGCGTCTGGAGGCGTTGGGCAAGGCGTTCCCGGGCGAGCGTATCGTGATTCCGGCCGGCCAGCCGAAGGTGCGCAACAACGATTGCGATTACGCGTTCCGTCCGGATACGACGTTCTCCTACTACACCGGTTTGGGTGAGGATTTCGAGGCCGGCGCGGTGCTGGTGCTGAATCCCGTCGATCCGGATTCTCCGGAGGCGAAGACCGGCAAGACGCATGTTCCGGAACTGTTCGTGGCTCCGCGTGCCAACCATTACACGCAGGACTTTTTCATGAACGCCCATTATGGCGAGTATTGGGTGGGTCCGCGTGCCGGTGTGAAGGAAATGACCGCGATGACCGGCATCGAAACCAACGACATCGCGCAGCTGCCCGACGCGTTGAGCAAGGATGTCGGCACTGAGGCCGGCGCGGTGCGCGTGCGCGTGATCCGCGAAGCCGATCCGGCGATTACCAGCATGGTCGAGGAGATCCGTGAAGCCAACGGTTTCGCCGATCCGGACAACAACACCGCTGCCGATGACAAGCTGCACGAATTCGCCGCCGAGGCACGCATGTGCAAGGATGAGTATGAGGTTCGTGAGATGCGCAAGGCGGTCGCGGCAACCAAGCATGGTTTCGACAACATTCTGCGCAAGATTCCGTCTTCCCTTGGCAAGCCGCGTTCGGAGCGCATGCTGGAGGGCGCGTTCAACGCCATCTCCCGCGAGGAGGGCAACGAGGTCGGCTACGACACCATCATCGCTTCCGGCGCCCACGCTCCGATTCTGCATTGGATGCGCAATACCGGTACCGTGGAGTCGGGCGAGCTGCTGCTCATCGACGCCGGTGTGGAGGTCAACAGCCTGTATACCGCCGACATCACCCGCACGTTCCCGACCAACGGCAAGTTCACCGATTTCCAGAAGAAGCTGTACCAGGCCGTGTTGGATTCCCAGCAGGCCGGTTTCGAGGCGGCCAAGCCGGGCGCCACGTATTCGGACATCCATCATGCGTGCATGCGCGTGATCGCCGAACGTCTGCATGACTGGGGTATTCTGCCGGTCGATGTCGAGGAGTCGCTCTCCCCTGAAGGCCAGCAGCATCGCCGTTGGCTCGCCTGCGGCGTGGCACATCACCTTGGTCTTGATGTGCATGATTGCGCGCAGGCGCGTTATGAGTCGTATCAGAACGCCAAGATTCGTCCGGGCATGATCTTCACCATCGAACCGGGCCTGTACTTCCGTGAGGATGATCTGCTGATTCCGCCGGAATACCGTGGCATCGGCATTCGTATCGAGGATGACGTGCTCATGACGGAGGATGGTCCGGAATGGATTTCCGCGGGCATTCCGAAGCAGATCGACGATGTCGAGGCGTGGATGGCCGATATGGCCGCCGAAGGCGTGAAGGCC, xaa-Pro aminopeptidase [Bifidobacterium adolescentis CAG:119], 22590, 24191, 1, 1.24319, 
pool1_scaffold42_1, pool1_scaffold42_1-14, , CCCACGCCTGAATTCGTACTCTCGCTACGTGAAAAAATAGGCCACGATCTGTTATGGCTCATGGGCGTCTCCGGCTATGTCGAGGACGAGCAGGGCCGTGTGCTGTTGGGGCGTCGTTCCGACACCGGCGAATGGGCCATGGTGTATGGCATCAACGAGCCCGGAGAGGAACCGGCCGATACCGTTGCCCGCGAGGTCAAGGAGGAGACCGGCGTGGATGTGGTCGTCACCGATCTGGTGTCGGTCAAATCGTCCAGAAAGGTCCTCACCTATGCGAATGGGGACAACACCATGTACATGGATCACCTGTTCATCTGCAGGCCCGATCCGAATGGCAACACGGAGCCGTTCGTCGGCGATGAGGAAAGCCTCAACGTAGGCTGGTTCTCCCCTGATGCTCTGCCCGAACCGTTGGCAGCCACCACGGTGGAACGCATGGCTTACGTACGCGAATATCTGAAGGCCAAGGCGAATGGCGATTCCCATGCCCAGTTTGCCTTCAACGGCACCATCCGC, ADP-ribose pyrophosphatase [Bifidobacterium], 24201, 24722, 1, 1.28026, 
pool1_scaffold42_1, pool1_scaffold42_1-15, , AGTGAAATCAAGGAAGGCAATCTCGCCGAGATCAAGGACCTCAGCGTCTCGTTCATGACCGACGCCGGTTCCATCAAAGCCATCGACAAGATCAGCTTCGAAATTCCCCGTAAGAAGGTCATCGGCGTGGTGGGCGAGTCCGGTTCCGGCAAGTCCGTGACCGCACGCTCCCTCATCAAGCTGCTGCCGGAGACCGCTACGACCTCCGGCGCGGTGTACCTGTCGAACCGCGCGGGCACCGAGGAGCTGGAAGTGCTGTCGCTGTCCGGCGAACAGCTGCGCGAAATGCGCGGCGCCGAAGCGGCCATGGTGTTCCAGGAGCCCAATTCGGTGCTCAACCCGGTGTATACCATCGGATGGCAGATCGAGGAAGGCCTTCGCGCCCATGGCATGAAGGACAAGAAGGAACTCCGTGCCAAGTCCATCGACATTCTCAAGAAGGTCGGCATTCCGGACGCGGAAACCCGCATCGACTACTACCCACACCAGTTCTCCGGCGGCCAGAAGCAGCGCATCGTCATCGCCATGGCCCTGGTGCTCAACCCCGGCCTGATTCTGGCCGACGAACCGACCACCGCCCTCGACGTGACCGTGCAGGCCGAAATCCTCGACCTGCTGCGTCTGGCGCGCGACGAGTTCGACGCATCCGTGCTCATCATCACCCACAACATGGGCGTGATCGCCGACATCGCCGATGAGGTCGTGGTCATGTACCGCGGCCACGTCGTCGAACAGGGCAGCGTCGAGCAGATCTTCTACTCGCCGAAGGACGACTACACCAAGCGTCTGCTTGCCGCCGTGCCGCGTATTGGCCAGAAACTGGTCGTCAAGGATGCCGATGGCAAGGTCATCGAACGTGAGAAGGATTGGCGCGATCAGCCCATCGCGGTCGAGGCCAAGGGACTGACCATCACGTATCCGGGTCATCTCATGCAGCCTGATTTCAAGGCCGTGGACGGCATCGACTTCACCATCCACCGTTCCGAAGTGCTCGGTCTGGTAGGCGAGTCCGGTTCCGGCAAATCCACCACTGGCCGTGCCATCGCAGGCCTGCAGAAGGTTTCCGGCGGTTCCCTGAACGTTCTAGGCATAGAAATGAACGGTGTGAAGGAACGTGATTTCAAGCCCAAGCGCGCCGACATCGGCTTCGTGTTCCAGGATCCGGGCAGCTCGTTCAATCCGCTGATGACCATCGCGGAAAACGTGGCCGAACCGTTGATCGTGCACAAGAAGTTCTCGTCGGTATCAGACGCCCGCAAGTATGTGGGCGATCTGCTTGAGATGGTGCAGCTTCCGCGCGCCTACATGAACCGTTTCCCGCACGAGCTGTCCGGCGGCCAGCGCCAGCGCGCCTCCTTGGCACGCGCGTTGGCGTTGAAGCCGAGCCTGCTCATCGCCGACGAACCGACCTCCGCGTTGGATGTGTCGGTGCAGGCGAAGGTGCTGGAGCTGTTCAAGAAGCTGCAGGCCGAAATCGGCTTCGCATGCCTGTTCATTACCCACGATCTCGCCGTGGTCGACATGCTCGCCGACCGCATCATGGTGATGCACAAGGGCCAGATCGTGGAACATGGCGATGCGGATCAGATCATGCAGAATCCGCAGAACCCATACACGCAGAAGCTGCTGGCCTCCCTGCCGGTGCCCGATCCGCGCGAACAGCGCAAGCATCGCGAGCATCTGCATGAGCTGCTTGCCGCCCAGCAG, ABC transporter ATP-binding protein [Bifidobacterium adolescentis], 24810, 26522, -1, 1.22454, 
pool1_scaffold42_1, pool1_scaffold42_1-16, , ACCGCAGCATCTGCCAACAAGGTCACCGTTCCAGGCGACAATCGTCTGGACGAGCTCAAGCTCGGCAACAAGACGCCATTCTGGCATAAGATTCCGATCATCAAGGAACTGCGCGTCGCAGTCGGCTGGCAGAAAGGCATGCTGATCACGGGCCTCGTGCTCACGGCGTTCTTCCTGCTGGTCGCCATTTTCGCGCCGCTCATCGCGCCATACAGCTACGCGCAGCTCAAGGGCGCCGACGGCGTTTCCTTCCCGGCCCAGGCGGCACCGTCCTCCGAACACATCTGGGGCACCACTGCAGGTGGCTACGATGTGTTCAGCCGTGTGGTCTGGGGTGCCCGCACCGCCGTCATCGCCATCGTCGTCGCGGTATTGCTGTCGATTTTCGCAGGCGTGCTGCTCGGCCTGGTCTCCGGCTATTTCGGCGGATGGGTCGATCGTGTGCTCGTCATGATCGCCGACGCCGTGTACTCCTTCCCGTCGCTGCTGCTGGCGATTCTGATGGCGATCATGATCTCCCACGGCCAGTCCGGCCTGTGGAGCGGCATCTTCGCCTCCGGCATCTCCATCACCGTGGTCTATATTCCGCAATACTTCCGTACCATCCGTGCCGAAGTGATCCGCATCAAGGAATCCGCGTACGTGGAATCCGCCCGCGTGGTCGGCGCCTCCACGTGGCGCATCATGACCAAGCACCTGTTCAAGAACTCCACACGAACCCTGCCGGTCATCCTGACGCTGAACTCCTCCGAAGCCATCCTGACCCTTGCGGGCCTGGGCTTCCTGGGCTTCGGCATCGAACCGACCGCGGCCGCCGAATGGGGATACGACCTCAACCGCGCCGTCTCCGATGTGACCGCCGGCATCTGGTGGACCGCCGTGTTCCCGGGTCTGGCCATCGTGCTCATCGTGCTGGGCATCACCCTGGTGGGCGAATCGCTGAACGATCTGGCCGATCCGCGTCTGCGCGCCCGCAAGTCCGCAGGCGAAGTGGTGGGTTCCATCGAAGACACGTCCGTGGACCCCAGCCAGGAGCCAGGCAAGCGCAACGAGGTCGTCGCCGAACTTGAGGCGGCGAAGAATCCGATGGGAGCCAGCGACAAACCGGTGACCGTCACCGACCGTGATCCGTCATTCGTGGCTTCCGAATGGGCTTCCGAGGAAGGGGAG, peptide ABC transporter permease [Bifidobacterium adolescentis ATCC 15703], 26527, 27702, -1, 1.23374, 
pool1_scaffold42_1, pool1_scaffold42_1-17, , ACGCAAAGCGCAACCGAGGCTCAGCCGAAAGCCAAGAAAAACAAGCTTTCAAGCGGATTCTTCCGTTTCGTGCTCACACGCTTTCTGCTGATCATTCCTACAGTATTTATTCTTGTAACCATCGTCTTCTTCGTGATGCGCGCTACCGGCGATCCGATTTCCGCCGCTCTTGGTGGCCGTCTCACTCCCGAGGAACTGCAGAAGCGTATCCACGCGGCCGGTTATGACCGTCCGCTCATCGTGCAGTACATCGATTATCTTGGCGGCCTGCTGCATGGCGATCTCGGCACCACATTGACCGATAACCAAAAAGTGAGTACCATCCTTACTCACTATGGTGCCGCTACATTCGAGCTGGCGTTCCTCGCGCTCATCGTCGCGCTCATCGTCGGCATCGGCTTGGGACGCATCGCCGCACGCAAGCGTGACCACGCGGCCGATGCGGGCATCCGCACCTTCGCCATCCTGTGCTATGCCACCCCGGTGTTCTTCCTCGGCCTGATTCTGAAGCTCATCTTCGCTATCTGGCTGAACGTGCTGCCGGCATCCGGGCGCTCGTCGCTTGGCAGCGAGATGCAGTTCTCCCGACTGGTCTCGCCGACCGGCTTCTACATCATCGACGCGATTCAGTTGGGTGATATGTCCGTGTTGCTTGATGTGCTCCGTCACGCTGTGTTGCCGGCCCTTGCGTTGGGCCTGCTGACCGCCGGCGTGTTCATTCGTTTGGTGCGCACCAACGTGATCGCCACCTACAATTCCGGCTACGTCGAGGCGGCCCGTTCCCGCGGCGTCTCCGAGAAGCGTCTGCTCAACAAGCACGCATGGAAGCCGGCGTTGATTCCAATCATCACCGTCATGGGCATGCAGATCGCCCTGATGCTCGCAGGCGCGGTGCTCACCGAAACCACCTTCGAATGGAAGGGCCTCGGCTTCATGCTGTCGCAGTACCTGAAGGCACGCGACTTCGTGGCCGTGCAGGGCATCGTTATCCTAATCGCCATCATCGTGGCCGTCGTCAACTTCATCGTCGACGTCATCGCCGCGTTGGTCGACCCGAGAGTGAGGTAC, peptide ABC transporter permease [Bifidobacterium], 27704, 28777, -1, 1.26367, 
pool1_scaffold42_1, pool1_scaffold42_1-18, , AATCGCAAGAAAGTTATCGCCGCTCTGGCTTCTGTCGCGGCTCTGGCTTCCCTGGCCGCCTGCGGCGGCGTGAAGGACGGTGGCGCCGCAACTGGCAACACCATCACCGTCGGCACGACCGATAAGATCACCAGCCTTGATCCGGCTGGCTCCTACGACAACGGTTCCTACGCCGTGCAGATTCAGGTGTTCCCGTTCCTGTACGCGCAGAACTACAACACTTCCGAGCTGTCTCCGGACATCGCCGCCGATGACGGCACCTGGAGCGCCGACGGCACCGAGTTCACCGTCAAGCTCAAGAAGGGCCTGAAGTTCGCGAACGGCCACGATCTGACCGCCTCCGACGTCAAGTTCTCCTTCGACCGTATCAAGAAGATCAACGACGAGAACGGTCCGTCCTCCCTGCTGGCCAACATCGAGTCCGTCGAGGCCAAGGATGACACCACCGTCGTGTTCCACTCCGCGGTCAAGGACGACGTGACCCTGAAGCAGGTGCTCTCCAGCCCGGCCGGCCCGATCGTCGACGAAGAGTCCTTCTCCGCCGACAAGCTGACCGATGCCAACACCATCGTCAAGGACAACGCCTTCGCAGGCCCGTACAAGCTCACCTCCTACAAGGTGAACGAGGCCCTGGCATATGCCAAGAACGTTTCCTACAAGGGTTTGACCCCAGCTAAGAACGACGTTGTGCAGGTCAAGTACTTCGCCGATTCCTCCAACTTGAAGATGGCCGTGCAGCAGGGCCAGGTCGACGTGGCCTACCGCTCCATGACCCCGACCGACGTCGAGGACCTGTCCAAGGACAACAAGGTCAAGGTCGTCAAGGGACCGGGCGGCGAAGAGCGCTTCCTTGCCTTCAACTTCAAGATCATGCCGTACGGCGAGAAGTCCAGCGAGCCGAACGCCGACAAGGCCAAGGCCGTGCGTCAGGCCGTTGCAAGCCTGATCGACCGCAACGAGCTGGCCACCAAGGTCTACAAGAGCACCTACACCCCGCTGTACTCCTTCATTCCGGATGGCCTGTCCGGCCACGACGACACCCTGAAGGCAGCCTATGGCGACGGTTCCGGCAAGCCGGATGCGGCCAAGGCCAAGAAGACCCTCGAAGCCGCCGGTGTGAAGACCCCGGTAGACCTGAAGCTCCAGTACAACCCGGACCACTACGGCCAGTCCTCCGCCGACGAGTATGCGGCCATCAAGGCCCAGCTCGAGGAAGGCGGCCTGTTCAAGGTCGACCTGCAGTCCACCGAATGGACCCAGTTCAACAAGGACCGTGTGGTCACCGAGGATTCCGATGGTTCCTACCCGGTCTACCAGCTCGGTTGGTTCCCGGACTACTCCGATCCGGACAACTACCTGTCCCCATTCTTCCGTGACGGCAACTTCGTGAACAACGGATACTCCAACAAGGAAGTCAACGATCTGATCGTCAAGCAGGCCGGAGAGACTGACGCCAAGGCCCGTGAGGACCTGTTGAAGGAAATCCAGAAGCTCGAAACCGATGACCTGTCCACCATCCCGCTGCTGCAGGGTGCCCAGGTTGCGGTCACCGGTTCTAATGTGAAGGGTGTCGTCCTTGACGCTTCCTTCCGCTTCCGCTACTCGTCCGTGACCAAGGCC, aBC transporter substrate-binding protein family 5 [Bifidobacterium adolescentis CAG:119], 28869, 30494, -1, 1.23985, 
pool1_scaffold42_1, pool1_scaffold42_1-19, , CACTGTCGCAAGGAGGTGAGCATGAGTAGGTACAGCGCCCAACAGTCATCGATCTCGGAAAACAACCGTTCCCGCATCCTGCAATACCTGTACCACAATGGCATCTGCTCACGCGCGCAGATCGCCAAAGCCATCAAGCTCACTCCGGCGGCAATCACCAAAATCACCGCGAAACTGCTGGCGCAGGGCATCATCGAAGAAACCGGCGACATGGACGGAGACAAGAACCGCCGTTCCATCGGTCTGAATCTCAATTGCGCCAAATACCACATCATCGGCGTGAAGTTCGCCCGCAGTCTGGTGCAAATCGCGGTCTTCGACCTCAAGTGCAACCGTATCTTCCTGTCCGACTTGCCTACCGTCAGCGAAGAGCACATCCCCGAAACGGTGGAGCGCATTCGAGATACCGTACGCCAGCTCATCAAGGACGACCCCAGCATCGTGGCCGTCGGCATGGCGGTTCCGGGGCCCTATTTAAAGGACGAAGGACGCACCGCTTTGGTCTCCTCCATGCAGGGCTGGAGGCAAATCAACTTCATCGACGAATTCAGCAACGCATTCAGCGTCCCCGTGTTCGTCGAACAGGACGCCCGCGCCGGCGCGCTGGCGCAGTTCCTGCTCAATCCGGAACTGTCGGAAGGTTCCCTCGCCTACTATCTGCTTGGCGAAGGCATCGGCCTCGGAGTCATCGACAACGGCACCATCTACTACGGCGAGCACGGCACCGCCACGGAAATCGGACACGTCTCCATCGACGTGAACGGCAAGCCATGCGACTGCGGCAATGTCGGATGCCTGGAACGCTACTGCTCCGCCAACGCCATCCACGAACAACTCAACGCCAACCCGAGCATCATTCCCGGATGCGAGACGATGACACATGCGCAGGCTTGCGCAGCACTGTTCGCCAAGGCGAACGCGGGAAACGAGACCGCGACGCTTCTGATGCTCGATGTTGCCCGATACGTTGGGTACGGCGCGGTCACCATCATCAACGCTTTCAATCCGACACACATCGTTCTTGGAGACATCATCGCGCAAGCCGGCCAGCCGTTGCTCGACGAAGTCACACAAGTCGTGCGCGAACGCACGATCCCCGAAATCGGGCGCAACACCCGAATCACCCTGTCCGCCCTGCCCACCGACGCCACCGTCACCGGTGCCGCCGCCGTGGCCATCACCAATTTTCTGGAACATCCTTCGATGTTCTTCGACGTCGCA, NagC family transcriptional regulator [Bifidobacterium adolescentis], 30862, 32088, 1, 1.27121, 
pool1_scaffold42_1, pool1_scaffold42_1-2, , CCGCATAGCCATGAAAATGACGATTCTTTCCTTTCGTCCGTCACGGCTACACTACCGGGTATGGATTTCCACGATGCCCGCACCTGCGTGATCTTCGGCGCAGGCGATTATTACGATGAGACCCCTGCGATTCCGGATGACGCCTTCGTCGTCGCCGCGGATGGCGGCCTCGACCACGCCCGTGCCTTCGGCATCGACGCCGATTTCGTGGTCGGCGACTTCGATTCGATTACCGGCGACCGCCCCACGCAAAACGACCGCACCATCGCATTGCCTTCGGAAAAGGACGATCCCGACCTGCTGTCGGCTTTGAAGATCGGCTGGCTGCGCGGCGCGCGCACGTTCCACATATACGGCGCGCTCGGCGGACGAATCGACCATACGATTTCCAATATCCAGCTTATGGCGCTACTGGCCGACCGTGGCGCGACCGGCTACCTGCACGGCGACGGATCGATCGTCACCGCGATCTGCGACGGCGCGCTCGATTTCCCGGCGGACGACGCCGTTGCGGGACGCATGGTCTCCGTGTTCTCCCACAGCGATATCTCGACCGGCGTAAGCGAAACGGGATTGAAATACGAGCTGCACCACGCCGACATGAGCAGCACGCGCGTCAACGGACTGAGCAACGAGTTCCTTGCCGGCAGGCCGTCCCGCATCACGGTGGAGCATGGCACGCTCATCGTCACGTTCCCCATCGAGGCTCCCCTGCCGCACGTGGCGCGATGGCATGGCTTCTCCGGAGATCTCGGTGCATTGGACACGGACGTATCCTCCGCGCTGGTCGAGCCAAGCGGCCGT, hypothetical protein BAD_1078 [Bifidobacterium adolescentis ATCC 15703], 10900, 11709, 1, 1.27195, 
pool1_scaffold42_1, pool1_scaffold42_1-20, , TCCAAGCCAATCGTCATCGCCCTCGGTGAAATCCTGTGGGATATGCTCCCCACCGGCAAGCGCGCCGGCGGCGCTCCCGTCAACTTCGCCTACCACGCGTCCCAGAACGGCGCGGAAAGCTACGCCATCAGCGCCGTCGGTAACGACGAGCTGGGCGCCGAGCTGCTCAACGATGCGCACAAGGCCGGCATCAACACGCTGGTGCAGACCAACGAATACCCGACCGGCACCGTCGCCGTGGCACTGACCAACGGCATTCCGGAATACACCATCGTGCAGAACGTAGCTTGGGACCACATCGGCTACACCGACGAACTCGCCGAGGCCGTGTCCAAGGCCGACGCCATCTGCTTCGGCACGCTGGTGACCCAGCTTTCTTGTACAAAGTTG, PfkB family sugar kinase [Bifidobacterium adolescentis ATCC 15703], 32119, 32512, 1, 1.22405, 
pool1_scaffold42_1, pool1_scaffold42_1-21, , CCTACGGATTTGCTTGGACGTGATTATGAGACGTTTCCCGCACCGGAGCCGCTGCAGACGCACGGTCCGGCAAAGGTCATCGCCATGTGCAACCAGAAGGGTGGCGTCGGCAAGACCACCAGTTCCATCAATATCGGCGGCGCGCTAAGCCAATACGGCAGGCGCGTGCTGATCGTCGACTTCGATCCGCAAGGCGCCGCCACGGTGGGTCTCGGCATCAACGCCAACGCGGTGGAGGACACCGTGTACACGGCGTTGTTCAATCCGCGCATGGACGTGCACAGCGTGATTCACCACACCGATTTCGAGAATCTCGACATTATGCCGGCCAACATCGATCTGTCCGCCGCCGAAGTGCAACTGGTCACCGAAGTGGGACGTGAGCAGGTGCTTGCCGGTGTGCTGCGCCAGGTCAAGGACGAGTACGACGTGATCATCATCGACTGCCAGCCATCGTTGGGCCTGCTGACGGTGAACGCGTTGACCGCGGCCGACGGTGTGATCATTCCGGTCGCTGCCGAATTCTTCGCGCTGCGTGGCGTGGCGCTGCTCATGCAATCCATCGAGAAGGTGCAGTCGCGCATCAATCCGAGCCTTGAAGTGTATGGCGTGCTGGTCACCATGTACACCCGTACCCTGCATTGCGAGGAGGTGTTGCAGCGTATCTACGAGGCGTTCCAAGGCAAGGTGTTCCATTCCGTGATTTCGCGTTCCATCAAGCTGCCGGATTCCACGGTGGCGGCTGCGCCGATCACCATCTACGCGCCGAACCACAAGACGGCGAAGGAATACCGTGAAGTGGCCCGCGAGCTGATCGCCAACGACATCGTGGCC, chromosome partitioning ATPase [Bifidobacterium adolescentis], 5115, 5954, -1, 1.23897, 
pool1_scaffold42_1, pool1_scaffold42_1-22, , ACGGATATCGAACGCTTGATTGATCAGTTCCTCGCGTACATCGACGTGGAACGAGGACTTGCGAAAGCCACGGTGCGCGCATATGACTCGGACCTGCGCAAATACAACGGCTGGCTTGCGACGCAAGGCATTCAAGACCTTAATGCAGTGACCACGCAGGACGTGGAACGATACATCGCCTTTCTTGACGATTCCGGAGAATCCGCGCGCAGCAAGGCACGAAGACTGGCCAGCATTCATGCATTCCATCGCTTCGCACTGAACGAACATGTGGTATCCAATGACGTTGCGGCACAGGTCAAGGCTCCCAAAGGCGCGACGACGCTGCCTGACGTGCTCACTGTGGACGAGGTGGCCAGTTTGCTGGACGCGATCCCCGTCTCGCAGAATCGGCCTCAATCCGAAGGCATGGCGGACATGCCCGATGATCCCGCGATGCTGCGCGACAAGGCGTTGCTGGAATTCATGTACGCCACCGGAGCCCGCGTGTCGGAAGCGTGCGGCGCGAATCTTGACGATGTCGACTTGGAATCGAACGTTGCGAGATTGATGGGCAAAGGCTCCAAACAACGTCTGGTGCCGGTCGGCAGTTACGCATGTGAAGCGATCGCAAGATACCTCAAAAACGGACGGCCGCAGCTCGAGTCGAAGGCGAAAGGGCCCACCGAACGACGCGCGTTGTTCCTCAACAAGCGCGGCAAACGACTGTCAAGGCAATCGGTGTGGGAGATCATCCGTGCGGCCGGGGAACGCGCGCATATCGACAAGCCCCTGCATCCGCACACATTGCGCCATTCCTTCGCCACACATCTGATCCAAGGCGGGGCCGACGTGCGCACCGTGCAGGAACTGCTGGGTCACGCGAGCGTCACCACCACGCAGATCTACACGCATGTAAGCCCGGAGAACCTCATCGAGACATATCTGACCTCGCATCCAAGGGCAAGA, tyrosine recombinase xerD [Bifidobacterium adolescentis ATCC 15703], 6053, 7006, -1, 1.30689, 
pool1_scaffold42_1, pool1_scaffold42_1-23, , GCACGTGTCAAGCGCGCAGTAAACGCCCACAAGAAGCGTCGCGTCGTTCTCGAGAGGGCTTCCGGCTACCGCGGCCAGCGCTCCCGCCTGTACCGTAAGGCCAAGGAGCAGCTGCTGCACTCCTTTACCTACAACTTCCGCGACCGCAAGGCTCGCAAGGGCGACTTCCGCAAGCTGTGGATCCAGCGCATCAACGCTGCCGTCCGCGCCGAAGGCATCACCTACAACCGCTTCATCCAGGGCCTGCACCTTGCCGGCATCGAGCTGGATCGTCGCGCTCTCGCCGAGCTGGCCGTCTCCGATCCGGAGGCTTTCAAGGCCATCGTCGAGCAGGCCAAGGCCGCTCTTCCGGCTGACGTGAACGCTCCGAAGGAAGCC, 50S ribosomal protein L20 [Bifidobacterium adolescentis ATCC 15703], 7252, 7635, -1, 1.23983, 
pool1_scaffold42_1, pool1_scaffold42_1-24, , CCGAAGATGAAAACTAATTCCGCCGCTTCCAAGCGCGTCCGCGTGACCGGTTCCGGCAAGCTGATGCACGCCGGCTCCGCAATGCGCCACAACCTCGAGCACAAGTCCGCTCGTAAGCGCCGTGAGCTGAAGGCCGACGGTGTTCTGGCCACTTCCCAGAGCAAGAACATGAAGAAGCTGCTCGGTCGC, 50S ribosomal protein L35 [Bifidobacterium adolescentis ATCC 15703], 7688, 7882, -1, 1.27793, 
pool1_scaffold42_1, pool1_scaffold42_1-25, , AGGATTGGAGTCATCATCAGCGACGAACCACGCATTAACGACGAGATTCGCGTCTCCCAGGTGCGTCTGATCGGCCCGAACGGCGAGCAGGTGGGAGTCATCGCGACTTCCGTCGCACTGAACCTGGCAAAGGAAGCGAACCTCGATCTCGTCGAGGTGGCGCCCAACGCGAAGCCTCCGGTCGCCAAGCTCATCGATTACGGCAAGTACAAGTACAACGAGAAGATCAAGGCTCGTGAGGCCCGCCGCAATCAGAGCACCGCGGAAATCAAGGAAATTCGCTTCCGTCTGAAGATCGACGACCATGACTTCGACGTCAAGAAGGGCCATGTGGTGCGCTTCCTGAACGGCGGAGACAAGGTCAAGGTCACCATTATGCTGCGCGGTCGCGAGCAGTCCCGACCGATCGGCGGCGTCGAGCTGTTGCAGCGTCTCGCCAGCGAAGTGGAGGAATACGGCACTGTCGAATTCGCTCCGAAGCAGGAAGGCCGCAACATCATCATGACGCTTGCGCCGAAGGGCAAGAAGGTCCATACCCAGTCCGAGCAGCGTCGTCGTGGCGATCAGTCCCGTGCCGAGCGCCAGGCTCGTCAGGCGGCTCGTCTGGCGGCCAAGCAGGAGGCCCAGGCAGCGGCCGCAGCCGCAGCCAAGGCAGCCGTGGCATCCGACAAACCGAAGACTTCCGAAACGAAG, translation initiation factor IF-3 [Bifidobacterium adolescentis], 7901, 8599, -1, 1.25755, 
pool1_scaffold42_1, pool1_scaffold42_1-3, , ACAGTTAAGATTGGTATTAACGGCTTTGGTCGTATCGGTCGTCTGGCTTTCCGCCGTATCTTCGAGCTGCAGGCTCGTGGCGGCCAGGCCGGTGACATTGAGGTCGCTGCAATCAACGATCTGACCACCCCGTCCATGCTGGCCTACCTGCTGAAGTACGACAGCACCCACGGCACCTTCCGTCATGACGATGGCACCCCGGTCGAGGTCACCTCCACCGACGACTCCATCGTGGTCGACGGCAAGGAATACAAGGTCTACGCCGAGAAGGATGCCAACAACATCCCGTGGGTCAAGAACGACGGCGTTGAGTTCGTGCTCGAGTGCACCGGCTTCTACACCTCCGCTGAGAAGTCCCAGGCCCACATCAACGCTGGCGCCAAGAAGGTCCTGATCTCCGCTCCGGCCAAGGACGAGACCACCCCGACCATCGTGTTCGGCGTGAACCACGAGACCCTCAAGGCTTCCGACGTGATCGTGTCCGCCGGCTCCTGCACCACCAACTCCATGGCCGCCATGGTCAAGCTTCTGGACGAGAACTGGGGCATCAAGGCTGGCTTCATGACCACCATCCACGCCTACACCGGCACCCAGATGATCCTCGACGGCCCGCGCTTCCCGAAGGCTCGCAACAACCGCGCCGCCGCCATCAACACCATTCCTCATTCCACTGGCGCCGCCAAGGCCATCGGCAAGGTCGTTCCGTCCGTGAACGGCAAGCTGCAGGGCCACGCCCAGCGCATCCAGGTTCCGGATGGCTCCGTCACCGAGCTGACCACCGTCCTGAACAAGGAAGTCACCGCCGATGAGATCAACGCCGCCTTCAAGGCCGCCTTCTCCGACACCGACTTCTACGGCTACAACGAGGATGGCATCGTGTCCTCCGACATCATCGGCGACACCCACGGTGGCGTGTTCGATCCGACCCAGACCGATGTCAACACCGTTGACGGCCTGACCATGGCTCGCACCGTCTCTTGGTACGACAACGAGTACGGCTTCACCTGCAACATGGTGCGTACCCTGCTGTACTTCGCCGAGATCTCCGAG, glyceraldehyde 3-phosphate dehydrogenase C [Bifidobacterium adolescentis ATCC 15703], 11881, 12936, 1, 1.23376, 
pool1_scaffold42_1, pool1_scaffold42_1-4, , GGCGGCATGGCAAAGAAAAAGCATGAGAAGGGCGCCGGTTCCACACCGGCCACCGTGCAGTTGGAAAAAGCCGGAGTTCCGTTCAAAACCTACGAATACGCGCATTCGAACGATCACATGGATGACGGTTATGGGGTTGAGGCCGCCACCAAGCTCGGTTTCGACGAGCATCAGGTGTTCAAGACGCTGATGGCGGACACCGGCTCCGAACGCGTGGTCGGCGTGGTGCCGGTCAGCGGACATATGGATCTGAAGGCGCTGGCCGCGGCAGTCGGCGCGAAGAAGGCGGCGATGGCCGATCCGAAGGTCGCCATGCGCGAATCCGGCTACGTGGTCGGCGGCATCTCCCCGCTTGGCCAGCGCACACACCACAAGACGGTGCTTGACGAAAGCGCGCTGCAATACGACGAAATCCTGCTGTCGGGCGGCAAACGCGGTTTCTCAGTCGGCGTCAATCCCAACGATCTGCTCAAGGTGCTCGACGCGGTAGCGGCGCCGATCGGCACTTGG, hypothetical protein BAD_1080 [Bifidobacterium adolescentis ATCC 15703], 13054, 13569, 1, 1.2328, 
pool1_scaffold42_1, pool1_scaffold42_1-5, , GGCAAACGCATCGTGCTGGCGGATCCGCGCGGATTCTGCGCCGGCGTGGATAGGGCGATTCTGACGGTGCGGACGATTCTCAAATCCGCCGATACGCCACGTGCCGACGGATTGCCGCCGGTGTATGTGCGCCGCCAGATCGTGCACAACAAGCATGTCGTCGAGGATTTGGCCGCGCAGGGCGCGGTGTTCGTGCAGGAATTGGCTGAGATTCCCGATGCCGCCGCCGAAGCCGGCATCCCAATCGTATTTTCCGCCCACGGCGTGTCTCCGGCGGTCAAAGCCGAGGCCGCGGCGCGCGGCATGCATGTGGTCGATGCCACTTGCCCGCTGGTAAGCAAAGTGCATCGCGAGGTGCTGCGTTTTGTCAAGGAAGGTTACGAGATCATCTACATTGGGCATAAAGGCCACGATGAGGCTGTTGGCGTGGTGGAGGAGGCGCCGGAGCATGTGCATTTGATCGAGCATGCGTCCGACGTCGACTCGTTGGATTTCCAACCTGACACGAAACTGGTGCTGCTTACGCAGACCACGTTGAGCGTCGATGAGACCGCTGGCACGATCACCGCGCTCAAAGCTCGTTTCCCATGGCTTGGAATGCCGCCGAACTCCGATATCTGCTATGCCACGTCGAATCGTCAGGCGGCGGTCAAGCTCGTTGCCGAGCAAGCCGATTGCGTGGTGATTGTCGGCTCCGCGAATTCCTCGAATTCCGTGCGGTTGATGGAAGTCGCTCAGGAGGGACTTAACGCGCGGTACGCCTCAAAAACGGCTGTTGGCGCCGCTGGTCGCGCCCATCGTGTTGATGATGCTTCGGAACTTGACCCCGCATGGTTTGAAGGTGTCGAATCCGTGGGTATTTCCTCGGGTGCCTCCGTGCCGGACGAGCTGGTTTCCGGCGTGGTCGCAGCGTTGCAAGAACTTGGCTACCAGGATGTGAGCACCATCGAAACCATCAAGGAGAACATGCATTTCGTGCTTCCTGCGGAACTGCGCAAA, 4-hydroxy-3-methylbut-2-enyl diphosphate reductase [Bifidobacterium adolescentis], 13662, 14666, -1, 1.27806, 
pool1_scaffold42_1, pool1_scaffold42_1-6, , ACCTGCACCAATCTGCCGCCACGCACCGGACAGCAATTTTCCATTTCGCATGGCGATTACCATGCCGTCGTCACCGAGTTGGGCGCGACGCTGCGCAAACTGACCTACCAAGGCGAGGACATCATCGTCTCCCCCGGTCCGGATGACATGGTGACCTGCTGCCACGGCCAGCTGCTCATCCCGTTCCCGAACCGCATCGAGAATGGCGAATACACCTTCGAAGGCAAGACCTACACGCTGCCGATCGACGAGCATGAGCGCCACAACGCCATCCACGGCTACGGCAAGCGCGCGTTCTGGAAGCTTGTCTCCCTTAAAGAGGATGCCGTGACCCTCAGCTGGCGCGCCCCCAACATGGAGGGATATCCGTTCGACATCGTGGTGACCGCGACGTACAGCCTCGCCGACGATGGCCTGCATCTGAACATCAGCGCCTACAACAACGGCGATGCGGACGCACCGTGGGCCTTGGCCATCCACCCGTGGCTCGCCAACGGCTTCAACGGATACGGCGATGAGATCGACGCCCACAACGCCAAGTGCAGCCTGACCGTGCCGGGGCGCACGCATGTCACCGTCAACGAGAACCTCATTCCGACCGGCACCGAGCCGGTGGACGGCACCAAGTACGACCTGCGTAAGGACACGCTGCTCACCGAGCAGCCGTTCGACGACGCTTGGACGGATCTGGAGCATGCCGAAGACGGCACCGTCACCGCGGTGTTCACCCGTCCGGACGGCAAGAAGGTGCGTGTGGGCGGCGACGAGACCGTCACCTCGTTCCAGGTGTGCACCGGCACCGGTTTCCCGGCCATCAAGCATCCGGCCGGCGTGGCGGTGGAACCGCAGACGGCATACGCGAACGCGTTCAACACCGGCAAGGACCTCATCGTCATCAAGCCGGGCGAGACGTCAAGCACGGCGCTGTTCATCGGGATGCTCGAC, hypothetical protein BAD_1082 [Bifidobacterium adolescentis ATCC 15703], 14853, 15803, 1, 1.23309, 
pool1_scaffold42_1, pool1_scaffold42_1-7, , GAACGGCACATCTCCATTACTTCGACCACCACCAACACGAACGGTGTGGTGACGCAGGTGACGCATGCCAGCGTGCATGTCGTGGCTTCCGGGGACTGCTTCGACCCGGAGACCTGTTGCGATGAACGCGAACGTGCGCTGATCGCAGCGATGCGCGCGTACCTGCGGCCGAAACACGCGCCGCAAAGCCTGATCGACAGGCTTGAGGCGACACTTGACCACTGTTGTGACGAG, hypothetical protein BAD_1083 [Bifidobacterium adolescentis ATCC 15703], 16150, 16389, -1, 1.30041, 
pool1_scaffold42_1, pool1_scaffold42_1-8, , GCAGGCCGGCGCGCGCGGTTTGAGAAGCTTGCCATGCCCGTCGTGGACTCGCTGTACCGGCAGGCGATGAAACTGACCAACAATCCCGACGACGCGCAGGATCTGGTGCAGGACACCTTCGAACGTGGATTCAAGGCGTTCGACTCCTTCAAAGAAGGAACGAATTTCGCGGCTTGGATGACCACCATCGAACGCAACGCCTATTTCAACCAGTACGCCAAAGCCAAGCGACGGCCGCAACGCGCCAACGATTCCACCGGCGAATACGACGACTGGGACCTGTATTCCGCGTCCGAGCATTCCTCCGAACAGCTCAAATCCGCCGAACAGGAATACTTGGACGCCTACGCGCCGGAGGAGATCATGGCCGCTTTGAACCGGCTTTCCCCGGAACGCAGGCAGGTTTTCATCGACGCCGCGATCGACGGCAAATCATACAGCCAGGTAGCTGAGGAACAAGGCGTGAAAATCGGCACCGTGATGAGCCGGCTCAACCGCGCCCGCACACAGCTGAAACGTGAGCTTGCCAATTACGCCAAGGAACGTGGCTATGCCACTGCCGGGAAGGATCGACCA, RNA polymerase sigma factor RpoE [Bifidobacterium adolescentis ATCC 15703], 16398, 16979, -1, 1.26541, 
pool1_scaffold42_1, pool1_scaffold42_1-9, , GCTTTGACTCTGGAATCGGCGGCCCGACTGCTCGATAGGCACGGACTGCTGCGCGAAATCATCCGCGGCGATGTCTGGACGCTTGATCCGCACGACATCAAGGGATTCGACGAGCCGTTCTCCGCAATCACCTACGACACCCGCAAGGTGGAGCCGGGCACGTTCCTGTGCTGCAAGGGCCGTTTCAAGGCCGAATATCTGCAGGGCATCGACGAACGCGGCCTTGCCGCCTATGTGTCGGAGAACGACTTCTCCGACGCCACGCAAGCTCCGGGCCTTATTGTGGATGACGTGCGCAAGGCCATGGCTTTGCTATCGGCTGAATTCTATGGTCGTCCGCAGGACCAGTTGAAGGTGGTCGGCATCACCGGCACCAAAGGCAAGACCACCACCGCCTATCTCACGCAGGCGATGCTCAACGGCTGTTCCGGCGGCAAGTGCGCGCTGTTTTCCTCCGTGGACAATTGTCTTGACGGCCACACCTACGTGGAATCCGATCTGACCACGCCGGAATCCATGGATGCGTTCCGCATGATGCGCGAGGCCGTTGATAACGGCATGGAATATCTCGTCATGGAGGTCTCCTCGCAGGCCTACAAGGTGGACCGCGTGTTCGGTCTCACATTCGACGTGGCCGCGTTCCTCAACATCAGCCCGGACCATATCAGCCCGATCGAGCATCCGACATTCGAGGATTATCTCCACTGCAAGCGTCAGATCGTCAAGAACTGCCGTGCCCTCGTATTGGGTGCCGATTGCGCGCGCGCCGACCTCATCCGGCAGGACGCACGTCATGCCAGCGTTCCCGTCACCACGTTCGCGCTTGGCGGCGATTCCACGGCAGACGTCATGGCCGCGCCGGCGAATGACGATCACAGCCGCTTCTCCATCGTCATCGACGGCACCTCGATCGGCGAGTTGAGCCTGACATTGGACGGCGATTTCAACTATGCGAACGCGGCGGCGGCCGTCGCGATCGCCCATGCGGCCGGTTTCGATTTCGGTTCCGCACAGGCCAAGGACGCGTTGCGTGAGATGGAGCCGGTACGCATCGCCGGACGTATGGAGCATTTCAAGGACACGCGGTCGAACACCATCGCCATTGTTGATTACGCGCATAACTACGCGTCCGTCACCGCGTTGCTTGACTACGTCGATCAGCGTTACGGCAGCGAAAAGCCGGAAATCACGCTCATCACCGGCTCCGCTGGAAACAAGGCATACGATCGCCGCGCCGAAATCGTCCACGCCGCGCAGGACCGCATCGACCATCTCGTGCTCACTTTCGAAGACACCGACGACGAGCCTGTGGAACAGGTCTGCGCGGACATGAACGACAGCGTCACCAACCCGCAGCTTGACGTGAAGACCATTCTCGACCGTGCCGAAGCCGTGGAGACCACGGTAAGCCACGATCGCAAGGATCCCGAGCATCTGCACATCATCCTCATCATCGGCAAAGGCAACGAACGTTGGTTCAAAGACCACGGCAAGCACATCCCTTACGAGGGCGACGACCGCATCGTGGAACGCGTGTTCCGTCTCAAA, uDP-N-acetylmuramoyl-L-alanyl-D-glutamate--2 6-diaminopimelate ligase [Bifidobacterium adolescentis CAG:119], 17110, 18663, 1, 1.25719, 
pool1_scaffold42_1, pool1_scaffold42_1-1, , GAGATTGTCACGCATGAATCGGTTCGGAGGCGCGGCGGCGGTTTTTCGACATGCGGATGCTGGTACACTGACACCGAGTTTGTTTTGAAGGGATTGCAGATAATGTGCGGAATTGCTGGTTTCGTCAACGATATGCCCATTGACGTGAAATGCCCGGTCCTCCAACGTATGACCGACATGATCGCGCATCGCGGGCCGGACAGCGAAGGCCATTACATCGACGAGCATGCGGCGCTCGGCCATCGAAGGCTCAGCATCATCGACCTCGGCGGCGGCCAGCAGCCCATCTACAACGAGGATGGTTCGAAGGTCATCACCTTCAACGGCGAGATCTACAACTATCAGACGCTGCGTGAGGAATTGATCGCGGCCGGACACACCTTCACCACCAAAAGCGATACCGAGGTGCTGCTGCACGGCTATGAGCAGTGGGGTGTGGATTTGCTGCAGCGCGTACGTGGCATGTTCACTTTCGTGATCTGGGACAAGAACAAGCAGGAGCTGTTCGGCGCGCGCGACCATTTCGGCATCAAGCCCTTCTACTATGCGAAGATGAACGGCACGTTCATGTACGCGTCGGAGATCAAGAGCCTGTTGCGCCACCCCGATTTCGTCAAGGAGCTCAACGCCGAGGCGTTGAAGCCGTATATGACCTTCCAGTATCCGGCGATCGGTGAGACCTTCTTCAAAGGCGTCTACAAGCTGCCGGAAGGGCACTATTTCACGTACCGGGATGGCAAGATGGACATCCACCGGTATTACGACGAGGATTTCCGCGAAGGCAAGCAGAAGCTGGGCGAGCTGGTGAACTCGATCGACCAGACGGTGTGCGATTCCGTCAAGGCGCACCAGATCGCCGATGTGGAGGTCGGCTCCTTCCTGTCGAGCGGTGTCGACTCCAGCTACGTCGCCGCCGTGGCGCGTCCGCAGCACACGTATTCGATCGGTTTCGGCAAAGGCACGTACAACGAATCGCAGCAGGCCGGCGAACTGGCGGAACTGCTCAAACTGAACAACACCGCCGAGTCGTTGACCGACGAGGAGGCGTTCGCCGCGTTCCCGCGCATCCAATGGCATCTCGACGAGCCGGACTCCAATCCGAGCTGCGTGCCGCTGTACTTCCTGTCCGCATTGGCCGCCAAAGACGTGAAGGTGGTGCTGAGCGGCGAAGGCGCCGACGAGTTGTTCGCCGGATACATCGACTACGGCGTGCACACCAAATTCAAGCCCATCAAGGTGGTGACTCGCTGGCTCACGCATCTGCCAGCCGGCGCGCGCAAGGCGATCGCCCGGTTCTGCAAGGGCAAGACCTTCCCGGGCGCATGGCATCTGTACGCCAATCTTGCGCCGGCCGAGGAAAGCTTCATCGGACAGGCACGTGTGTTTGAGGAATCGCAGTCCGAACAGCTGCTCAAGCCTGAATACCGCAAGGCGCCGAGCGTGCAAAGCATCGTCGATAAGACGTATGCGCGTGTGGAAGGCAAGGGTCTGAGTGAACTGAAGAAGAAGCAGTACCTTGACATGCATCAGTGGATGCCGGGTGACATTCTGCTCAAGGCCGACAAGATGACCATGGCGCATTCGCTGGAATTGCGTGTGCCGCTGCTCGACAAGGAGCTCATGGGCGTGGCCGAGCAGGTGCCGACCAAGTACCTCATCACCGACGAGAACACGAAATACGCGTTCCGCCAGGCGGCGGGACGTCATCTGCCCAAGGAATGGTACGACCGTGAGAAGCTTGGCTTCCCGGTGCCGATCAAGAAGTGGCTGCGTGAGGAGAAGTTCTACAAGTACGTCCGTTCCGTGTTCGAACGCGATTACGTCAGCCAGTTCTTCGACCAGGACGCGCTGCTGAAGATGATCGATGACAACTATGCCGGCAAAACCGACGATCGCCGCAAGATCTGGACCGTGTACTCGTTCCTGACGTGGTACGACGTCTACTTCGTGCACGACGGCGAGAAGCCGGACGTCATCGCCATCGCC, asparagine synthetase [Bifidobacterium adolescentis ATCC 15703], 8888, 10879, -1, 1.25636, 
pool1_scaffold42_1, pool1_scaffold42_1-10, , ACACGATTCCAACCGATTCTGCTGGGCAGCGACATCAACGTCTACGGCATGGCCAGGGCGTTCCATGAGGAGTACGGCATCGTTTCCGAGGCGTATGCGTATTTCCAGCTGAGCCCCACGAAATTCAGCCGTATCGTCAACGTGCACATCGTCGACGATTTCAACAACTTCGTCACGTTCCGTAATTTCATGCTCAAGCTCGGCAAGCGTATGAAGGCCGAGGATCCGGAACGCGTGCTGCTGCTCATCCCCTGCGGCGACGTGTACGCCAATCTGCTGAGCCAGTGCGGCGACGATCTTCGCGAATATTTCGTATACAACACGCTTGACGTGAACCTTTCGCGCCGGCTCGCCTACAAGTCCACGTTCTACCAGATCTGCGAGCAGTATGATCTGCCCCATCCGAAGACGCGCACCGTCACCGCCGATGAGGTGAAGGCAGGAGCCTACCGTGATTTGCCGTTCAGCTATCCGGTGGCCATGAAGCCCGCGAATTCGGTGGAATGGCTCAACATCGATTTCGAGGGCCGTCGCAAGGCCTACATCTTCAACGATCCGGCCGAATTGGAGACCATCATCAAGCGTGCGTACGATGCCGGATACACGTCCGAAATGGTGATTCAGGACTTCATCCCCGGCGACGATTCCCGTATGCGTGTGCTGAACGCCTATGTGGACCAGCATCATCGCGTGCGTATGATGTTCCTCGGCCACCCGCTGCTGGAGGATCCCTCCCCTGTCGCCGCGGGCAACTATGCGGCCATTCTGCCCGACTACAACGAGGGTGTGTTCCGTCGTATCAAGGCTTTCCTCGAGGACATCAAATACGAGGGCGTGGCCAATTTCGACATGAAGTACGACGAACGCGACGGCGAGTACAAGCTGTTCGAAATCAACCTTCGCCAAGGACGTTCCAGCTATTTCGTCACGCTGAACGGCTTCAATCTGGCGAAGTATTTCGTCGACGACCTCGTCGAGGACACGCCGTTCGACGGCAACACCCTGTTCGGCCGCGGTTCGAAACTGTGGCTTGAGATTCCGAAGTCGATTTTCCTTGATTACGTCGCAGAAGGCACTGACAAGGAAACCGGCAAGCTCATGCTCAAATCGGGCGATTGGGGTACCACCTTGGAGTATTCCAAGGATATGAATCCGCTGCGTTGGCTGATGATTCGGCACATGTTCTCGATTTACAAGAAGAGCTATGCCAAGTACTTCACCAAGAAGGGCGAGCTTAAG, carboxylate--amine ligase [Bifidobacterium adolescentis], 18683, 19927, 1, 1.26678, 
pool1_scaffold42_1, pool1_scaffold42_1-11, , GGCACGCTGGCCACCGAAAGCTACATCCGCTTGGTCAACCGCGCCACGCATGCCCATTGCGATCAGGATTATCTGGACTACATCGTCTTCAACGATTCCTCCGTGCCGGACCGCACCGCGTACATTCTCGGCGAATCCGACGAGAATCCCTTCCCCGTACTCGCCGACGATATCGAGAAGGCAACGGCGATGGGCGCGAGTTTCATTGTGCTCACCTGCAATACCGCGCACTATTTCTATGACGATTTCCAGGCGTTGACGACGGTGCCGATTCTACATATGCCACGCGGCGCGGTGGCACGCATGGCTCAGCGTTATCCGAAGGATCGTTTTCCGCGGGTCGGTTTCCTCGGCACCGTGGGTTCGCGCAAATCCGGCGTGTACAAGCGTGCCGTCGAAGAGGCCGGGTACACGTTCGTCGAACCGACCGACGAGTTGCAGGCCCGTATCACTTCGCTGATTTATGACGATGTGAAAGGTAGTGGCGAGCTCAATCTGGAACGCTACGAATCGGTGTTGCGCGATATGCTCGATCCGGCAGGCCCCTGCGCGTGCGACACGCTGATATTGGGCTGCACCGAGCTGAGCGTGCTCAACGAGGCGTTTCCGCTGCCCCAGCTGCCGGTCATCGACGCGCAGGCCGTGCTGGTGGAAGATACCGTGGCGCGGGCCGAAGCGTTGCGCGCG, aspartate racemase [Bifidobacterium adolescentis ATCC 15703], 19957, 20649, 1, 1.25644, 
pool1_scaffold42_1, pool1_scaffold42_1-12, , TCATTCGAACATCCCAATCGCAACAACGAAAGCATGATCGACGTCGAACGCGACATCATGAGCCGTCCATCGGAACGCAACACCACCAATCTCGACCTGCAACGCATGAAGATGATCCTCGACATCATGGGCCATCCGGAGCAGTCGTTCCGCGTCATCCACATCACCGGCACCAACGGCAAGGGCTCCACGGCACGTATGGCCGAAGCCATCTGCCGCGCCTACGGCATGCGTACGGGCCTATACACCTCGCCCCATCTGGAACACGTCAACGAGCGCATCGCCATCGACGGCCAGCAGCTGTCCGACGACGATTTCGTCGACACCTGGGACCAGGTCAAGGACCTTGTCGCCATCGTGGACATGAAAATGGACGAGCTGGGCAAGCCGAAGATGAGCTTCTTCGAAGTGCTCACCGCCATGGCCATCTGGAAATTCGCCGACGCGCCGGTCGACGTCGCCATCGTGGAAGTCGGCATGGGCGGCCGATGGGACGCCACCAACGTGCTCGACGCGGACGCGGCCATCATCGGCCCGGTCGACATGGACCACATGGCATGGCTCGGCGACACCGTGGAGGAAATCGCCACGGAAAAGGTCGGCATCATCAAGCCGAACTGCACCGCCATCATCGGCCGCCAGCCACACGAGGACGAGGTCATGCCGATTATCGAGGCCGCGGCCAAGGAGAACCACGCCAGCTTGGTGCGCGACGGCGTCGAATCGGAAGTCGTCACCCGAGTGCCGGCCGTCGGCGGCCAGGTGGCCACCCTGCGCACTCCGAACGGCACTTACACGGAAGTACCGATCGCCAAATTCGGCGAGCATCAGGCACACAACGCGCTCGCCGCACTGTGCGCGGCGGAAGTGGTGATTCCCGTCAACGGCGCGTTGGACGGCGATTTGGTGGCCGAAGCGTTGAGCAGCGTACGCATTCCGGGACGTATCGAACAAATTCGTACCTCGCCTACCATCATCCTTGATGGCGGGCACAACGTGAACGCGGCCGAATCGCTGCGTGCCGCCATTGAAGAGAACTATGATTTCCAGCAGCTCGTCGGCGTGGTCGCCATGATGGGGGACAAGCAGGTCGAGGAGTATCTGGGCGTGCTCGAACCGTTGCTGAGCCATGTGATCGTCACCGAGAACTCGTGGCGTGACCGAGTGATGCCGGCTGAGGATCTGAAGAAGATCGCGGACCGTGTTTTCGGGCCGGAACGCGTCACCTGCATTCCCGAATTGCCGGACGCCATCCAGGAAGCCGTCAACATGGTTGATGCCGATGACGAACTGGGCGTCGGCTACGGTCATGGCGTGCTCGTCTGTGGCAGCTTCACAACCGCCGGTGATGCGCGACTCATGCTGGAGGAGAAGATCAACTCCGACCTGAAGAAGCCAAAGGCCGAACGTGTGTTCCAGGAATCCGTCGATCCGGAACCGCGCAAAAAGCAGGACGAGGCTGACGTGGATTTCGAATCCGACGCCAACCCTGATTTCAACATCAACGATTTCGGCAGCGTCGGTCCGGACGATTCCGTTTTAGCAGACGCCGATGCGGATGAAATGGATGAGGCGGCGGATGCCAACGAACCGGCGGATGCGGAAACGGCTTCGGAAAACGAAACGAAG, bifunctional protein FolC [Bifidobacterium adolescentis CAG:119], 20809, 22443, -1, 1.23936, 
pool1_scaffold42_1, pool1_scaffold42_1-13, , GGCGAAGTCATTACTGACAAGGACAAGGAATACGAGAAGATGGAGCGGGAGGCCGCTCCGGGACCGGATCAGGCCATGAGCGATCGTGTGAACAATCGTTCGCTGCGTCCGCGTTCCGAGGCGTTCAAGGAGTTCATGACCACCGGTTGGGATGACAACGAGCCGCAGATCGAGCCGTTGGAGTCCTCCAAGTACACGCCGGCGCGTCTGGAGGCGTTGGGCAAGGCGTTCCCGGGCGAGCGTATCGTGATTCCGGCCGGCCAGCCGAAGGTGCGCAACAACGATTGCGATTACGCGTTCCGTCCGGATACGACGTTCTCCTACTACACCGGTTTGGGTGAGGATTTCGAGGCCGGCGCGGTGCTGGTGCTGAATCCCGTCGATCCGGATTCTCCGGAGGCGAAGACCGGCAAGACGCATGTTCCGGAACTGTTCGTGGCTCCGCGTGCCAACCATTACACGCAGGACTTTTTCATGAACGCCCATTATGGCGAGTATTGGGTGGGTCCGCGTGCCGGTGTGAAGGAAATGACCGCGATGACCGGCATCGAAACCAACGACATCGCGCAGCTGCCCGACGCGTTGAGCAAGGATGTCGGCACTGAGGCCGGCGCGGTGCGCGTGCGCGTGATCCGCGAAGCCGATCCGGCGATTACCAGCATGGTCGAGGAGATCCGTGAAGCCAACGGTTTCGCCGATCCGGACAACAACACCGCTGCCGATGACAAGCTGCACGAATTCGCCGCCGAGGCACGCATGTGCAAGGATGAGTATGAGGTTCGTGAGATGCGCAAGGCGGTCGCGGCAACCAAGCATGGTTTCGACAACATTCTGCGCAAGATTCCGTCTTCCCTTGGCAAGCCGCGTTCGGAGCGCATGCTGGAGGGCGCGTTCAACGCCATCTCCCGCGAGGAGGGCAACGAGGTCGGCTACGACACCATCATCGCTTCCGGCGCCCACGCTCCGATTCTGCATTGGATGCGCAATACCGGTACCGTGGAGTCGGGCGAGCTGCTGCTCATCGACGCCGGTGTGGAGGTCAACAGCCTGTATACCGCCGACATCACCCGCACGTTCCCGACCAACGGCAAGTTCACCGATTTCCAGAAGAAGCTGTACCAGGCCGTGTTGGATTCCCAGCAGGCCGGTTTCGAGGCGGCCAAGCCGGGCGCCACGTATTCGGACATCCATCATGCGTGCATGCGCGTGATCGCCGAACGTCTGCATGACTGGGGTATTCTGCCGGTCGATGTCGAGGAGTCGCTCTCCCCTGAAGGCCAGCAGCATCGCCGTTGGCTCGCCTGCGGCGTGGCACATCACCTTGGTCTTGATGTGCATGATTGCGCGCAGGCGCGTTATGAGTCGTATCAGAACGCCAAGATTCGTCCGGGCATGATCTTCACCATCGAACCGGGCCTGTACTTCCGTGAGGATGATCTGCTGATTCCGCCGGAATACCGTGGCATCGGCATTCGTATCGAGGATGACGTGCTCATGACGGAGGATGGTCCGGAATGGATTTCCGCGGGCATTCCGAAGCAGATCGACGATGTCGAGGCGTGGATGGCCGATATGGCCGCCGAAGGCGTGAAGGCC, xaa-Pro aminopeptidase [Bifidobacterium adolescentis CAG:119], 22590, 24191, 1, 1.24319, 
pool1_scaffold42_1, pool1_scaffold42_1-14, , CCCACGCCTGAATTCGTACTCTCGCTACGTGAAAAAATAGGCCACGATCTGTTATGGCTCATGGGCGTCTCCGGCTATGTCGAGGACGAGCAGGGCCGTGTGCTGTTGGGGCGTCGTTCCGACACCGGCGAATGGGCCATGGTGTATGGCATCAACGAGCCCGGAGAGGAACCGGCCGATACCGTTGCCCGCGAGGTCAAGGAGGAGACCGGCGTGGATGTGGTCGTCACCGATCTGGTGTCGGTCAAATCGTCCAGAAAGGTCCTCACCTATGCGAATGGGGACAACACCATGTACATGGATCACCTGTTCATCTGCAGGCCCGATCCGAATGGCAACACGGAGCCGTTCGTCGGCGATGAGGAAAGCCTCAACGTAGGCTGGTTCTCCCCTGATGCTCTGCCCGAACCGTTGGCAGCCACCACGGTGGAACGCATGGCTTACGTACGCGAATATCTGAAGGCCAAGGCGAATGGCGATTCCCATGCCCAGTTTGCCTTCAACGGCACCATCCGC, ADP-ribose pyrophosphatase [Bifidobacterium], 24201, 24722, 1, 1.28026, 
pool1_scaffold42_1, pool1_scaffold42_1-15, , AGTGAAATCAAGGAAGGCAATCTCGCCGAGATCAAGGACCTCAGCGTCTCGTTCATGACCGACGCCGGTTCCATCAAAGCCATCGACAAGATCAGCTTCGAAATTCCCCGTAAGAAGGTCATCGGCGTGGTGGGCGAGTCCGGTTCCGGCAAGTCCGTGACCGCACGCTCCCTCATCAAGCTGCTGCCGGAGACCGCTACGACCTCCGGCGCGGTGTACCTGTCGAACCGCGCGGGCACCGAGGAGCTGGAAGTGCTGTCGCTGTCCGGCGAACAGCTGCGCGAAATGCGCGGCGCCGAAGCGGCCATGGTGTTCCAGGAGCCCAATTCGGTGCTCAACCCGGTGTATACCATCGGATGGCAGATCGAGGAAGGCCTTCGCGCCCATGGCATGAAGGACAAGAAGGAACTCCGTGCCAAGTCCATCGACATTCTCAAGAAGGTCGGCATTCCGGACGCGGAAACCCGCATCGACTACTACCCACACCAGTTCTCCGGCGGCCAGAAGCAGCGCATCGTCATCGCCATGGCCCTGGTGCTCAACCCCGGCCTGATTCTGGCCGACGAACCGACCACCGCCCTCGACGTGACCGTGCAGGCCGAAATCCTCGACCTGCTGCGTCTGGCGCGCGACGAGTTCGACGCATCCGTGCTCATCATCACCCACAACATGGGCGTGATCGCCGACATCGCCGATGAGGTCGTGGTCATGTACCGCGGCCACGTCGTCGAACAGGGCAGCGTCGAGCAGATCTTCTACTCGCCGAAGGACGACTACACCAAGCGTCTGCTTGCCGCCGTGCCGCGTATTGGCCAGAAACTGGTCGTCAAGGATGCCGATGGCAAGGTCATCGAACGTGAGAAGGATTGGCGCGATCAGCCCATCGCGGTCGAGGCCAAGGGACTGACCATCACGTATCCGGGTCATCTCATGCAGCCTGATTTCAAGGCCGTGGACGGCATCGACTTCACCATCCACCGTTCCGAAGTGCTCGGTCTGGTAGGCGAGTCCGGTTCCGGCAAATCCACCACTGGCCGTGCCATCGCAGGCCTGCAGAAGGTTTCCGGCGGTTCCCTGAACGTTCTAGGCATAGAAATGAACGGTGTGAAGGAACGTGATTTCAAGCCCAAGCGCGCCGACATCGGCTTCGTGTTCCAGGATCCGGGCAGCTCGTTCAATCCGCTGATGACCATCGCGGAAAACGTGGCCGAACCGTTGATCGTGCACAAGAAGTTCTCGTCGGTATCAGACGCCCGCAAGTATGTGGGCGATCTGCTTGAGATGGTGCAGCTTCCGCGCGCCTACATGAACCGTTTCCCGCACGAGCTGTCCGGCGGCCAGCGCCAGCGCGCCTCCTTGGCACGCGCGTTGGCGTTGAAGCCGAGCCTGCTCATCGCCGACGAACCGACCTCCGCGTTGGATGTGTCGGTGCAGGCGAAGGTGCTGGAGCTGTTCAAGAAGCTGCAGGCCGAAATCGGCTTCGCATGCCTGTTCATTACCCACGATCTCGCCGTGGTCGACATGCTCGCCGACCGCATCATGGTGATGCACAAGGGCCAGATCGTGGAACATGGCGATGCGGATCAGATCATGCAGAATCCGCAGAACCCATACACGCAGAAGCTGCTGGCCTCCCTGCCGGTGCCCGATCCGCGCGAACAGCGCAAGCATCGCGAGCATCTGCATGAGCTGCTTGCCGCCCAGCAG, ABC transporter ATP-binding protein [Bifidobacterium adolescentis], 24810, 26522, -1, 1.22454, 
pool1_scaffold42_1, pool1_scaffold42_1-16, , ACCGCAGCATCTGCCAACAAGGTCACCGTTCCAGGCGACAATCGTCTGGACGAGCTCAAGCTCGGCAACAAGACGCCATTCTGGCATAAGATTCCGATCATCAAGGAACTGCGCGTCGCAGTCGGCTGGCAGAAAGGCATGCTGATCACGGGCCTCGTGCTCACGGCGTTCTTCCTGCTGGTCGCCATTTTCGCGCCGCTCATCGCGCCATACAGCTACGCGCAGCTCAAGGGCGCCGACGGCGTTTCCTTCCCGGCCCAGGCGGCACCGTCCTCCGAACACATCTGGGGCACCACTGCAGGTGGCTACGATGTGTTCAGCCGTGTGGTCTGGGGTGCCCGCACCGCCGTCATCGCCATCGTCGTCGCGGTATTGCTGTCGATTTTCGCAGGCGTGCTGCTCGGCCTGGTCTCCGGCTATTTCGGCGGATGGGTCGATCGTGTGCTCGTCATGATCGCCGACGCCGTGTACTCCTTCCCGTCGCTGCTGCTGGCGATTCTGATGGCGATCATGATCTCCCACGGCCAGTCCGGCCTGTGGAGCGGCATCTTCGCCTCCGGCATCTCCATCACCGTGGTCTATATTCCGCAATACTTCCGTACCATCCGTGCCGAAGTGATCCGCATCAAGGAATCCGCGTACGTGGAATCCGCCCGCGTGGTCGGCGCCTCCACGTGGCGCATCATGACCAAGCACCTGTTCAAGAACTCCACACGAACCCTGCCGGTCATCCTGACGCTGAACTCCTCCGAAGCCATCCTGACCCTTGCGGGCCTGGGCTTCCTGGGCTTCGGCATCGAACCGACCGCGGCCGCCGAATGGGGATACGACCTCAACCGCGCCGTCTCCGATGTGACCGCCGGCATCTGGTGGACCGCCGTGTTCCCGGGTCTGGCCATCGTGCTCATCGTGCTGGGCATCACCCTGGTGGGCGAATCGCTGAACGATCTGGCCGATCCGCGTCTGCGCGCCCGCAAGTCCGCAGGCGAAGTGGTGGGTTCCATCGAAGACACGTCCGTGGACCCCAGCCAGGAGCCAGGCAAGCGCAACGAGGTCGTCGCCGAACTTGAGGCGGCGAAGAATCCGATGGGAGCCAGCGACAAACCGGTGACCGTCACCGACCGTGATCCGTCATTCGTGGCTTCCGAATGGGCTTCCGAGGAAGGGGAG, peptide ABC transporter permease [Bifidobacterium adolescentis ATCC 15703], 26527, 27702, -1, 1.23374, 
pool1_scaffold42_1, pool1_scaffold42_1-17, , ACGCAAAGCGCAACCGAGGCTCAGCCGAAAGCCAAGAAAAACAAGCTTTCAAGCGGATTCTTCCGTTTCGTGCTCACACGCTTTCTGCTGATCATTCCTACAGTATTTATTCTTGTAACCATCGTCTTCTTCGTGATGCGCGCTACCGGCGATCCGATTTCCGCCGCTCTTGGTGGCCGTCTCACTCCCGAGGAACTGCAGAAGCGTATCCACGCGGCCGGTTATGACCGTCCGCTCATCGTGCAGTACATCGATTATCTTGGCGGCCTGCTGCATGGCGATCTCGGCACCACATTGACCGATAACCAAAAAGTGAGTACCATCCTTACTCACTATGGTGCCGCTACATTCGAGCTGGCGTTCCTCGCGCTCATCGTCGCGCTCATCGTCGGCATCGGCTTGGGACGCATCGCCGCACGCAAGCGTGACCACGCGGCCGATGCGGGCATCCGCACCTTCGCCATCCTGTGCTATGCCACCCCGGTGTTCTTCCTCGGCCTGATTCTGAAGCTCATCTTCGCTATCTGGCTGAACGTGCTGCCGGCATCCGGGCGCTCGTCGCTTGGCAGCGAGATGCAGTTCTCCCGACTGGTCTCGCCGACCGGCTTCTACATCATCGACGCGATTCAGTTGGGTGATATGTCCGTGTTGCTTGATGTGCTCCGTCACGCTGTGTTGCCGGCCCTTGCGTTGGGCCTGCTGACCGCCGGCGTGTTCATTCGTTTGGTGCGCACCAACGTGATCGCCACCTACAATTCCGGCTACGTCGAGGCGGCCCGTTCCCGCGGCGTCTCCGAGAAGCGTCTGCTCAACAAGCACGCATGGAAGCCGGCGTTGATTCCAATCATCACCGTCATGGGCATGCAGATCGCCCTGATGCTCGCAGGCGCGGTGCTCACCGAAACCACCTTCGAATGGAAGGGCCTCGGCTTCATGCTGTCGCAGTACCTGAAGGCACGCGACTTCGTGGCCGTGCAGGGCATCGTTATCCTAATCGCCATCATCGTGGCCGTCGTCAACTTCATCGTCGACGTCATCGCCGCGTTGGTCGACCCGAGAGTGAGGTAC, peptide ABC transporter permease [Bifidobacterium], 27704, 28777, -1, 1.26367, 
pool1_scaffold42_1, pool1_scaffold42_1-18, , AATCGCAAGAAAGTTATCGCCGCTCTGGCTTCTGTCGCGGCTCTGGCTTCCCTGGCCGCCTGCGGCGGCGTGAAGGACGGTGGCGCCGCAACTGGCAACACCATCACCGTCGGCACGACCGATAAGATCACCAGCCTTGATCCGGCTGGCTCCTACGACAACGGTTCCTACGCCGTGCAGATTCAGGTGTTCCCGTTCCTGTACGCGCAGAACTACAACACTTCCGAGCTGTCTCCGGACATCGCCGCCGATGACGGCACCTGGAGCGCCGACGGCACCGAGTTCACCGTCAAGCTCAAGAAGGGCCTGAAGTTCGCGAACGGCCACGATCTGACCGCCTCCGACGTCAAGTTCTCCTTCGACCGTATCAAGAAGATCAACGACGAGAACGGTCCGTCCTCCCTGCTGGCCAACATCGAGTCCGTCGAGGCCAAGGATGACACCACCGTCGTGTTCCACTCCGCGGTCAAGGACGACGTGACCCTGAAGCAGGTGCTCTCCAGCCCGGCCGGCCCGATCGTCGACGAAGAGTCCTTCTCCGCCGACAAGCTGACCGATGCCAACACCATCGTCAAGGACAACGCCTTCGCAGGCCCGTACAAGCTCACCTCCTACAAGGTGAACGAGGCCCTGGCATATGCCAAGAACGTTTCCTACAAGGGTTTGACCCCAGCTAAGAACGACGTTGTGCAGGTCAAGTACTTCGCCGATTCCTCCAACTTGAAGATGGCCGTGCAGCAGGGCCAGGTCGACGTGGCCTACCGCTCCATGACCCCGACCGACGTCGAGGACCTGTCCAAGGACAACAAGGTCAAGGTCGTCAAGGGACCGGGCGGCGAAGAGCGCTTCCTTGCCTTCAACTTCAAGATCATGCCGTACGGCGAGAAGTCCAGCGAGCCGAACGCCGACAAGGCCAAGGCCGTGCGTCAGGCCGTTGCAAGCCTGATCGACCGCAACGAGCTGGCCACCAAGGTCTACAAGAGCACCTACACCCCGCTGTACTCCTTCATTCCGGATGGCCTGTCCGGCCACGACGACACCCTGAAGGCAGCCTATGGCGACGGTTCCGGCAAGCCGGATGCGGCCAAGGCCAAGAAGACCCTCGAAGCCGCCGGTGTGAAGACCCCGGTAGACCTGAAGCTCCAGTACAACCCGGACCACTACGGCCAGTCCTCCGCCGACGAGTATGCGGCCATCAAGGCCCAGCTCGAGGAAGGCGGCCTGTTCAAGGTCGACCTGCAGTCCACCGAATGGACCCAGTTCAACAAGGACCGTGTGGTCACCGAGGATTCCGATGGTTCCTACCCGGTCTACCAGCTCGGTTGGTTCCCGGACTACTCCGATCCGGACAACTACCTGTCCCCATTCTTCCGTGACGGCAACTTCGTGAACAACGGATACTCCAACAAGGAAGTCAACGATCTGATCGTCAAGCAGGCCGGAGAGACTGACGCCAAGGCCCGTGAGGACCTGTTGAAGGAAATCCAGAAGCTCGAAACCGATGACCTGTCCACCATCCCGCTGCTGCAGGGTGCCCAGGTTGCGGTCACCGGTTCTAATGTGAAGGGTGTCGTCCTTGACGCTTCCTTCCGCTTCCGCTACTCGTCCGTGACCAAGGCC, aBC transporter substrate-binding protein family 5 [Bifidobacterium adolescentis CAG:119], 28869, 30494, -1, 1.23985, 
pool1_scaffold42_1, pool1_scaffold42_1-19, , CACTGTCGCAAGGAGGTGAGCATGAGTAGGTACAGCGCCCAACAGTCATCGATCTCGGAAAACAACCGTTCCCGCATCCTGCAATACCTGTACCACAATGGCATCTGCTCACGCGCGCAGATCGCCAAAGCCATCAAGCTCACTCCGGCGGCAATCACCAAAATCACCGCGAAACTGCTGGCGCAGGGCATCATCGAAGAAACCGGCGACATGGACGGAGACAAGAACCGCCGTTCCATCGGTCTGAATCTCAATTGCGCCAAATACCACATCATCGGCGTGAAGTTCGCCCGCAGTCTGGTGCAAATCGCGGTCTTCGACCTCAAGTGCAACCGTATCTTCCTGTCCGACTTGCCTACCGTCAGCGAAGAGCACATCCCCGAAACGGTGGAGCGCATTCGAGATACCGTACGCCAGCTCATCAAGGACGACCCCAGCATCGTGGCCGTCGGCATGGCGGTTCCGGGGCCCTATTTAAAGGACGAAGGACGCACCGCTTTGGTCTCCTCCATGCAGGGCTGGAGGCAAATCAACTTCATCGACGAATTCAGCAACGCATTCAGCGTCCCCGTGTTCGTCGAACAGGACGCCCGCGCCGGCGCGCTGGCGCAGTTCCTGCTCAATCCGGAACTGTCGGAAGGTTCCCTCGCCTACTATCTGCTTGGCGAAGGCATCGGCCTCGGAGTCATCGACAACGGCACCATCTACTACGGCGAGCACGGCACCGCCACGGAAATCGGACACGTCTCCATCGACGTGAACGGCAAGCCATGCGACTGCGGCAATGTCGGATGCCTGGAACGCTACTGCTCCGCCAACGCCATCCACGAACAACTCAACGCCAACCCGAGCATCATTCCCGGATGCGAGACGATGACACATGCGCAGGCTTGCGCAGCACTGTTCGCCAAGGCGAACGCGGGAAACGAGACCGCGACGCTTCTGATGCTCGATGTTGCCCGATACGTTGGGTACGGCGCGGTCACCATCATCAACGCTTTCAATCCGACACACATCGTTCTTGGAGACATCATCGCGCAAGCCGGCCAGCCGTTGCTCGACGAAGTCACACAAGTCGTGCGCGAACGCACGATCCCCGAAATCGGGCGCAACACCCGAATCACCCTGTCCGCCCTGCCCACCGACGCCACCGTCACCGGTGCCGCCGCCGTGGCCATCACCAATTTTCTGGAACATCCTTCGATGTTCTTCGACGTCGCA, NagC family transcriptional regulator [Bifidobacterium adolescentis], 30862, 32088, 1, 1.27121, 
pool1_scaffold42_1, pool1_scaffold42_1-2, , CCGCATAGCCATGAAAATGACGATTCTTTCCTTTCGTCCGTCACGGCTACACTACCGGGTATGGATTTCCACGATGCCCGCACCTGCGTGATCTTCGGCGCAGGCGATTATTACGATGAGACCCCTGCGATTCCGGATGACGCCTTCGTCGTCGCCGCGGATGGCGGCCTCGACCACGCCCGTGCCTTCGGCATCGACGCCGATTTCGTGGTCGGCGACTTCGATTCGATTACCGGCGACCGCCCCACGCAAAACGACCGCACCATCGCATTGCCTTCGGAAAAGGACGATCCCGACCTGCTGTCGGCTTTGAAGATCGGCTGGCTGCGCGGCGCGCGCACGTTCCACATATACGGCGCGCTCGGCGGACGAATCGACCATACGATTTCCAATATCCAGCTTATGGCGCTACTGGCCGACCGTGGCGCGACCGGCTACCTGCACGGCGACGGATCGATCGTCACCGCGATCTGCGACGGCGCGCTCGATTTCCCGGCGGACGACGCCGTTGCGGGACGCATGGTCTCCGTGTTCTCCCACAGCGATATCTCGACCGGCGTAAGCGAAACGGGATTGAAATACGAGCTGCACCACGCCGACATGAGCAGCACGCGCGTCAACGGACTGAGCAACGAGTTCCTTGCCGGCAGGCCGTCCCGCATCACGGTGGAGCATGGCACGCTCATCGTCACGTTCCCCATCGAGGCTCCCCTGCCGCACGTGGCGCGATGGCATGGCTTCTCCGGAGATCTCGGTGCATTGGACACGGACGTATCCTCCGCGCTGGTCGAGCCAAGCGGCCGT, hypothetical protein BAD_1078 [Bifidobacterium adolescentis ATCC 15703], 10900, 11709, 1, 1.27195, 
pool1_scaffold42_1, pool1_scaffold42_1-20, , TCCAAGCCAATCGTCATCGCCCTCGGTGAAATCCTGTGGGATATGCTCCCCACCGGCAAGCGCGCCGGCGGCGCTCCCGTCAACTTCGCCTACCACGCGTCCCAGAACGGCGCGGAAAGCTACGCCATCAGCGCCGTCGGTAACGACGAGCTGGGCGCCGAGCTGCTCAACGATGCGCACAAGGCCGGCATCAACACGCTGGTGCAGACCAACGAATACCCGACCGGCACCGTCGCCGTGGCACTGACCAACGGCATTCCGGAATACACCATCGTGCAGAACGTAGCTTGGGACCACATCGGCTACACCGACGAACTCGCCGAGGCCGTGTCCAAGGCCGACGCCATCTGCTTCGGCACGCTGGTGACCCAGCTTTCTTGTACAAAGTTG, PfkB family sugar kinase [Bifidobacterium adolescentis ATCC 15703], 32119, 32512, 1, 1.22405, 
pool1_scaffold42_1, pool1_scaffold42_1-21, , ACGGATATCGAACGCTTGATTGATCAGTTCCTCGCGTACATCGACGTGGAACGAGGACTTGCGAAAGCCACGGTGCGCGCATATGACTCGGACCTGCGCAAATACAACGGCTGGCTTGCGACGCAAGGCATTCAAGACCTTAATGCAGTGACCACGCAGGACGTGGAACGATACATCGCCTTTCTTGACGATTCCGGAGAATCCGCGCGCAGCAAGGCACGAAGACTGGCCAGCATTCATGCATTCCATCGCTTCGCACTGAACGAACATGTGGTATCCAATGACGTTGCGGCACAGGTCAAGGCTCCCAAAGGCGCGACGACGCTGCCTGACGTGCTCACTGTGGACGAGGTGGCCAGTTTGCTGGACGCGATCCCCGTCTCGCAGAATCGGCCTCAATCCGAAGGCATGGCGGACATGCCCGATGATCCCGCGATGCTGCGCGACAAGGCGTTGCTGGAATTCATGTACGCCACCGGAGCCCGCGTGTCGGAAGCGTGCGGCGCGAATCTTGACGATGTCGACTTGGAATCGAACGTTGCGAGATTGATGGGCAAAGGCTCCAAACAACGTCTGGTGCCGGTCGGCAGTTACGCATGTGAAGCGATCGCAAGATACCTCAAAAACGGACGGCCGCAGCTCGAGTCGAAGGCGAAAGGGCCCACCGAACGACGCGCGTTGTTCCTCAACAAGCGCGGCAAACGACTGTCAAGGCAATCGGTGTGGGAGATCATCCGTGCGGCCGGGGAACGCGCGCATATCGACAAGCCCCTGCATCCGCACACATTGCGCCATTCCTTCGCCACACATCTGATCCAAGGCGGGGCCGACGTGCGCACCGTGCAGGAACTGCTGGGTCACGCGAGCGTCACCACCACGCAGATCTACACGCATGTAAGCCCGGAGAACCTCATCGAGACATATCTGACCTCGCATCCAAGGGCAAGA, tyrosine recombinase xerD [Bifidobacterium adolescentis ATCC 15703], 6053, 7006, -1, 1.30689, 
pool1_scaffold42_1, pool1_scaffold42_1-22, , GCACGTGTCAAGCGCGCAGTAAACGCCCACAAGAAGCGTCGCGTCGTTCTCGAGAGGGCTTCCGGCTACCGCGGCCAGCGCTCCCGCCTGTACCGTAAGGCCAAGGAGCAGCTGCTGCACTCCTTTACCTACAACTTCCGCGACCGCAAGGCTCGCAAGGGCGACTTCCGCAAGCTGTGGATCCAGCGCATCAACGCTGCCGTCCGCGCCGAAGGCATCACCTACAACCGCTTCATCCAGGGCCTGCACCTTGCCGGCATCGAGCTGGATCGTCGCGCTCTCGCCGAGCTGGCCGTCTCCGATCCGGAGGCTTTCAAGGCCATCGTCGAGCAGGCCAAGGCCGCTCTTCCGGCTGACGTGAACGCTCCGAAGGAAGCC, 50S ribosomal protein L20 [Bifidobacterium adolescentis ATCC 15703], 7252, 7635, -1, 1.23983, 
pool1_scaffold42_1, pool1_scaffold42_1-23, , CCGAAGATGAAAACTAATTCCGCCGCTTCCAAGCGCGTCCGCGTGACCGGTTCCGGCAAGCTGATGCACGCCGGCTCCGCAATGCGCCACAACCTCGAGCACAAGTCCGCTCGTAAGCGCCGTGAGCTGAAGGCCGACGGTGTTCTGGCCACTTCCCAGAGCAAGAACATGAAGAAGCTGCTCGGTCGC, 50S ribosomal protein L35 [Bifidobacterium adolescentis ATCC 15703], 7688, 7882, -1, 1.27793, 
pool1_scaffold42_1, pool1_scaffold42_1-24, , AGGATTGGAGTCATCATCAGCGACGAACCACGCATTAACGACGAGATTCGCGTCTCCCAGGTGCGTCTGATCGGCCCGAACGGCGAGCAGGTGGGAGTCATCGCGACTTCCGTCGCACTGAACCTGGCAAAGGAAGCGAACCTCGATCTCGTCGAGGTGGCGCCCAACGCGAAGCCTCCGGTCGCCAAGCTCATCGATTACGGCAAGTACAAGTACAACGAGAAGATCAAGGCTCGTGAGGCCCGCCGCAATCAGAGCACCGCGGAAATCAAGGAAATTCGCTTCCGTCTGAAGATCGACGACCATGACTTCGACGTCAAGAAGGGCCATGTGGTGCGCTTCCTGAACGGCGGAGACAAGGTCAAGGTCACCATTATGCTGCGCGGTCGCGAGCAGTCCCGACCGATCGGCGGCGTCGAGCTGTTGCAGCGTCTCGCCAGCGAAGTGGAGGAATACGGCACTGTCGAATTCGCTCCGAAGCAGGAAGGCCGCAACATCATCATGACGCTTGCGCCGAAGGGCAAGAAGGTCCATACCCAGTCCGAGCAGCGTCGTCGTGGCGATCAGTCCCGTGCCGAGCGCCAGGCTCGTCAGGCGGCTCGTCTGGCGGCCAAGCAGGAGGCCCAGGCAGCGGCCGCAGCCGCAGCCAAGGCAGCCGTGGCATCCGACAAACCGAAGACTTCCGAAACGAAG, translation initiation factor IF-3 [Bifidobacterium adolescentis], 7901, 8599, -1, 1.25755, 
pool1_scaffold42_1, pool1_scaffold42_1-3, , ACAGTTAAGATTGGTATTAACGGCTTTGGTCGTATCGGTCGTCTGGCTTTCCGCCGTATCTTCGAGCTGCAGGCTCGTGGCGGCCAGGCCGGTGACATTGAGGTCGCTGCAATCAACGATCTGACCACCCCGTCCATGCTGGCCTACCTGCTGAAGTACGACAGCACCCACGGCACCTTCCGTCATGACGATGGCACCCCGGTCGAGGTCACCTCCACCGACGACTCCATCGTGGTCGACGGCAAGGAATACAAGGTCTACGCCGAGAAGGATGCCAACAACATCCCGTGGGTCAAGAACGACGGCGTTGAGTTCGTGCTCGAGTGCACCGGCTTCTACACCTCCGCTGAGAAGTCCCAGGCCCACATCAACGCTGGCGCCAAGAAGGTCCTGATCTCCGCTCCGGCCAAGGACGAGACCACCCCGACCATCGTGTTCGGCGTGAACCACGAGACCCTCAAGGCTTCCGACGTGATCGTGTCCGCCGGCTCCTGCACCACCAACTCCATGGCCGCCATGGTCAAGCTTCTGGACGAGAACTGGGGCATCAAGGCTGGCTTCATGACCACCATCCACGCCTACACCGGCACCCAGATGATCCTCGACGGCCCGCGCTTCCCGAAGGCTCGCAACAACCGCGCCGCCGCCATCAACACCATTCCTCATTCCACTGGCGCCGCCAAGGCCATCGGCAAGGTCGTTCCGTCCGTGAACGGCAAGCTGCAGGGCCACGCCCAGCGCATCCAGGTTCCGGATGGCTCCGTCACCGAGCTGACCACCGTCCTGAACAAGGAAGTCACCGCCGATGAGATCAACGCCGCCTTCAAGGCCGCCTTCTCCGACACCGACTTCTACGGCTACAACGAGGATGGCATCGTGTCCTCCGACATCATCGGCGACACCCACGGTGGCGTGTTCGATCCGACCCAGACCGATGTCAACACCGTTGACGGCCTGACCATGGCTCGCACCGTCTCTTGGTACGACAACGAGTACGGCTTCACCTGCAACATGGTGCGTACCCTGCTGTACTTCGCCGAGATCTCCGAG, glyceraldehyde 3-phosphate dehydrogenase C [Bifidobacterium adolescentis ATCC 15703], 11881, 12936, 1, 1.23376, 
pool1_scaffold42_1, pool1_scaffold42_1-4, , GGCGGCATGGCAAAGAAAAAGCATGAGAAGGGCGCCGGTTCCACACCGGCCACCGTGCAGTTGGAAAAAGCCGGAGTTCCGTTCAAAACCTACGAATACGCGCATTCGAACGATCACATGGATGACGGTTATGGGGTTGAGGCCGCCACCAAGCTCGGTTTCGACGAGCATCAGGTGTTCAAGACGCTGATGGCGGACACCGGCTCCGAACGCGTGGTCGGCGTGGTGCCGGTCAGCGGACATATGGATCTGAAGGCGCTGGCCGCGGCAGTCGGCGCGAAGAAGGCGGCGATGGCCGATCCGAAGGTCGCCATGCGCGAATCCGGCTACGTGGTCGGCGGCATCTCCCCGCTTGGCCAGCGCACACACCACAAGACGGTGCTTGACGAAAGCGCGCTGCAATACGACGAAATCCTGCTGTCGGGCGGCAAACGCGGTTTCTCAGTCGGCGTCAATCCCAACGATCTGCTCAAGGTGCTCGACGCGGTAGCGGCGCCGATCGGCACTTGG, hypothetical protein BAD_1080 [Bifidobacterium adolescentis ATCC 15703], 13054, 13569, 1, 1.2328, 
pool1_scaffold42_1, pool1_scaffold42_1-5, , GGCAAACGCATCGTGCTGGCGGATCCGCGCGGATTCTGCGCCGGCGTGGATAGGGCGATTCTGACGGTGCGGACGATTCTCAAATCCGCCGATACGCCACGTGCCGACGGATTGCCGCCGGTGTATGTGCGCCGCCAGATCGTGCACAACAAGCATGTCGTCGAGGATTTGGCCGCGCAGGGCGCGGTGTTCGTGCAGGAATTGGCTGAGATTCCCGATGCCGCCGCCGAAGCCGGCATCCCAATCGTATTTTCCGCCCACGGCGTGTCTCCGGCGGTCAAAGCCGAGGCCGCGGCGCGCGGCATGCATGTGGTCGATGCCACTTGCCCGCTGGTAAGCAAAGTGCATCGCGAGGTGCTGCGTTTTGTCAAGGAAGGTTACGAGATCATCTACATTGGGCATAAAGGCCACGATGAGGCTGTTGGCGTGGTGGAGGAGGCGCCGGAGCATGTGCATTTGATCGAGCATGCGTCCGACGTCGACTCGTTGGATTTCCAACCTGACACGAAACTGGTGCTGCTTACGCAGACCACGTTGAGCGTCGATGAGACCGCTGGCACGATCACCGCGCTCAAAGCTCGTTTCCCATGGCTTGGAATGCCGCCGAACTCCGATATCTGCTATGCCACGTCGAATCGTCAGGCGGCGGTCAAGCTCGTTGCCGAGCAAGCCGATTGCGTGGTGATTGTCGGCTCCGCGAATTCCTCGAATTCCGTGCGGTTGATGGAAGTCGCTCAGGAGGGACTTAACGCGCGGTACGCCTCAAAAACGGCTGTTGGCGCCGCTGGTCGCGCCCATCGTGTTGATGATGCTTCGGAACTTGACCCCGCATGGTTTGAAGGTGTCGAATCCGTGGGTATTTCCTCGGGTGCCTCCGTGCCGGACGAGCTGGTTTCCGGCGTGGTCGCAGCGTTGCAAGAACTTGGCTACCAGGATGTGAGCACCATCGAAACCATCAAGGAGAACATGCATTTCGTGCTTCCTGCGGAACTGCGCAAA, 4-hydroxy-3-methylbut-2-enyl diphosphate reductase [Bifidobacterium adolescentis], 13662, 14666, -1, 1.27806, 
pool1_scaffold42_1, pool1_scaffold42_1-6, , ACCTGCACCAATCTGCCGCCACGCACCGGACAGCAATTTTCCATTTCGCATGGCGATTACCATGCCGTCGTCACCGAGTTGGGCGCGACGCTGCGCAAACTGACCTACCAAGGCGAGGACATCATCGTCTCCCCCGGTCCGGATGACATGGTGACCTGCTGCCACGGCCAGCTGCTCATCCCGTTCCCGAACCGCATCGAGAATGGCGAATACACCTTCGAAGGCAAGACCTACACGCTGCCGATCGACGAGCATGAGCGCCACAACGCCATCCACGGCTACGGCAAGCGCGCGTTCTGGAAGCTTGTCTCCCTTAAAGAGGATGCCGTGACCCTCAGCTGGCGCGCCCCCAACATGGAGGGATATCCGTTCGACATCGTGGTGACCGCGACGTACAGCCTCGCCGACGATGGCCTGCATCTGAACATCAGCGCCTACAACAACGGCGATGCGGACGCACCGTGGGCCTTGGCCATCCACCCGTGGCTCGCCAACGGCTTCAACGGATACGGCGATGAGATCGACGCCCACAACGCCAAGTGCAGCCTGACCGTGCCGGGGCGCACGCATGTCACCGTCAACGAGAACCTCATTCCGACCGGCACCGAGCCGGTGGACGGCACCAAGTACGACCTGCGTAAGGACACGCTGCTCACCGAGCAGCCGTTCGACGACGCTTGGACGGATCTGGAGCATGCCGAAGACGGCACCGTCACCGCGGTGTTCACCCGTCCGGACGGCAAGAAGGTGCGTGTGGGCGGCGACGAGACCGTCACCTCGTTCCAGGTGTGCACCGGCACCGGTTTCCCGGCCATCAAGCATCCGGCCGGCGTGGCGGTGGAACCGCAGACGGCATACGCGAACGCGTTCAACACCGGCAAGGACCTCATCGTCATCAAGCCGGGCGAGACGTCAAGCACGGCGCTGTTCATCGGGATGCTCGAC, hypothetical protein BAD_1082 [Bifidobacterium adolescentis ATCC 15703], 14853, 15803, 1, 1.23309, 
pool1_scaffold42_1, pool1_scaffold42_1-7, , GAACGGCACATCTCCATTACTTCGACCACCACCAACACGAACGGTGTGGTGACGCAGGTGACGCATGCCAGCGTGCATGTCGTGGCTTCCGGGGACTGCTTCGACCCGGAGACCTGTTGCGATGAACGCGAACGTGCGCTGATCGCAGCGATGCGCGCGTACCTGCGGCCGAAACACGCGCCGCAAAGCCTGATCGACAGGCTTGAGGCGACACTTGACCACTGTTGTGACGAG, hypothetical protein BAD_1083 [Bifidobacterium adolescentis ATCC 15703], 16150, 16389, -1, 1.30041, 
pool1_scaffold42_1, pool1_scaffold42_1-8, , GCAGGCCGGCGCGCGCGGTTTGAGAAGCTTGCCATGCCCGTCGTGGACTCGCTGTACCGGCAGGCGATGAAACTGACCAACAATCCCGACGACGCGCAGGATCTGGTGCAGGACACCTTCGAACGTGGATTCAAGGCGTTCGACTCCTTCAAAGAAGGAACGAATTTCGCGGCTTGGATGACCACCATCGAACGCAACGCCTATTTCAACCAGTACGCCAAAGCCAAGCGACGGCCGCAACGCGCCAACGATTCCACCGGCGAATACGACGACTGGGACCTGTATTCCGCGTCCGAGCATTCCTCCGAACAGCTCAAATCCGCCGAACAGGAATACTTGGACGCCTACGCGCCGGAGGAGATCATGGCCGCTTTGAACCGGCTTTCCCCGGAACGCAGGCAGGTTTTCATCGACGCCGCGATCGACGGCAAATCATACAGCCAGGTAGCTGAGGAACAAGGCGTGAAAATCGGCACCGTGATGAGCCGGCTCAACCGCGCCCGCACACAGCTGAAACGTGAGCTTGCCAATTACGCCAAGGAACGTGGCTATGCCACTGCCGGGAAGGATCGACCA, RNA polymerase sigma factor RpoE [Bifidobacterium adolescentis ATCC 15703], 16398, 16979, -1, 1.26541, 
pool1_scaffold42_1, pool1_scaffold42_1-9, , GCTTTGACTCTGGAATCGGCGGCCCGACTGCTCGATAGGCACGGACTGCTGCGCGAAATCATCCGCGGCGATGTCTGGACGCTTGATCCGCACGACATCAAGGGATTCGACGAGCCGTTCTCCGCAATCACCTACGACACCCGCAAGGTGGAGCCGGGCACGTTCCTGTGCTGCAAGGGCCGTTTCAAGGCCGAATATCTGCAGGGCATCGACGAACGCGGCCTTGCCGCCTATGTGTCGGAGAACGACTTCTCCGACGCCACGCAAGCTCCGGGCCTTATTGTGGATGACGTGCGCAAGGCCATGGCTTTGCTATCGGCTGAATTCTATGGTCGTCCGCAGGACCAGTTGAAGGTGGTCGGCATCACCGGCACCAAAGGCAAGACCACCACCGCCTATCTCACGCAGGCGATGCTCAACGGCTGTTCCGGCGGCAAGTGCGCGCTGTTTTCCTCCGTGGACAATTGTCTTGACGGCCACACCTACGTGGAATCCGATCTGACCACGCCGGAATCCATGGATGCGTTCCGCATGATGCGCGAGGCCGTTGATAACGGCATGGAATATCTCGTCATGGAGGTCTCCTCGCAGGCCTACAAGGTGGACCGCGTGTTCGGTCTCACATTCGACGTGGCCGCGTTCCTCAACATCAGCCCGGACCATATCAGCCCGATCGAGCATCCGACATTCGAGGATTATCTCCACTGCAAGCGTCAGATCGTCAAGAACTGCCGTGCCCTCGTATTGGGTGCCGATTGCGCGCGCGCCGACCTCATCCGGCAGGACGCACGTCATGCCAGCGTTCCCGTCACCACGTTCGCGCTTGGCGGCGATTCCACGGCAGACGTCATGGCCGCGCCGGCGAATGACGATCACAGCCGCTTCTCCATCGTCATCGACGGCACCTCGATCGGCGAGTTGAGCCTGACATTGGACGGCGATTTCAACTATGCGAACGCGGCGGCGGCCGTCGCGATCGCCCATGCGGCCGGTTTCGATTTCGGTTCCGCACAGGCCAAGGACGCGTTGCGTGAGATGGAGCCGGTACGCATCGCCGGACGTATGGAGCATTTCAAGGACACGCGGTCGAACACCATCGCCATTGTTGATTACGCGCATAACTACGCGTCCGTCACCGCGTTGCTTGACTACGTCGATCAGCGTTACGGCAGCGAAAAGCCGGAAATCACGCTCATCACCGGCTCCGCTGGAAACAAGGCATACGATCGCCGCGCCGAAATCGTCCACGCCGCGCAGGACCGCATCGACCATCTCGTGCTCACTTTCGAAGACACCGACGACGAGCCTGTGGAACAGGTCTGCGCGGACATGAACGACAGCGTCACCAACCCGCAGCTTGACGTGAAGACCATTCTCGACCGTGCCGAAGCCGTGGAGACCACGGTAAGCCACGATCGCAAGGATCCCGAGCATCTGCACATCATCCTCATCATCGGCAAAGGCAACGAACGTTGGTTCAAAGACCACGGCAAGCACATCCCTTACGAGGGCGACGACCGCATCGTGGAACGCGTGTTCCGTCTCAAA, uDP-N-acetylmuramoyl-L-alanyl-D-glutamate--2 6-diaminopimelate ligase [Bifidobacterium adolescentis CAG:119], 17110, 18663, 1, 1.25719, 
pool1_scaffold42_1, pool1_scaffold42_1-1, , GAGATTGTCACGCATGAATCGGTTCGGAGGCGCGGCGGCGGTTTTTCGACATGCGGATGCTGGTACACTGACACCGAGTTTGTTTTGAAGGGATTGCAGATAATGTGCGGAATTGCTGGTTTCGTCAACGATATGCCCATTGACGTGAAATGCCCGGTCCTCCAACGTATGACCGACATGATCGCGCATCGCGGGCCGGACAGCGAAGGCCATTACATCGACGAGCATGCGGCGCTCGGCCATCGAAGGCTCAGCATCATCGACCTCGGCGGCGGCCAGCAGCCCATCTACAACGAGGATGGTTCGAAGGTCATCACCTTCAACGGCGAGATCTACAACTATCAGACGCTGCGTGAGGAATTGATCGCGGCCGGACACACCTTCACCACCAAAAGCGATACCGAGGTGCTGCTGCACGGCTATGAGCAGTGGGGTGTGGATTTGCTGCAGCGCGTACGTGGCATGTTCACTTTCGTGATCTGGGACAAGAACAAGCAGGAGCTGTTCGGCGCGCGCGACCATTTCGGCATCAAGCCCTTCTACTATGCGAAGATGAACGGCACGTTCATGTACGCGTCGGAGATCAAGAGCCTGTTGCGCCACCCCGATTTCGTCAAGGAGCTCAACGCCGAGGCGTTGAAGCCGTATATGACCTTCCAGTATCCGGCGATCGGTGAGACCTTCTTCAAAGGCGTCTACAAGCTGCCGGAAGGGCACTATTTCACGTACCGGGATGGCAAGATGGACATCCACCGGTATTACGACGAGGATTTCCGCGAAGGCAAGCAGAAGCTGGGCGAGCTGGTGAACTCGATCGACCAGACGGTGTGCGATTCCGTCAAGGCGCACCAGATCGCCGATGTGGAGGTCGGCTCCTTCCTGTCGAGCGGTGTCGACTCCAGCTACGTCGCCGCCGTGGCGCGTCCGCAGCACACGTATTCGATCGGTTTCGGCAAAGGCACGTACAACGAATCGCAGCAGGCCGGCGAACTGGCGGAACTGCTCAAACTGAACAACACCGCCGAGTCGTTGACCGACGAGGAGGCGTTCGCCGCGTTCCCGCGCATCCAATGGCATCTCGACGAGCCGGACTCCAATCCGAGCTGCGTGCCGCTGTACTTCCTGTCCGCATTGGCCGCCAAAGACGTGAAGGTGGTGCTGAGCGGCGAAGGCGCCGACGAGTTGTTCGCCGGATACATCGACTACGGCGTGCACACCAAATTCAAGCCCATCAAGGTGGTGACTCGCTGGCTCACGCATCTGCCAGCCGGCGCGCGCAAGGCGATCGCCCGGTTCTGCAAGGGCAAGACCTTCCCGGGCGCATGGCATCTGTACGCCAATCTTGCGCCGGCCGAGGAAAGCTTCATCGGACAGGCACGTGTGTTTGAGGAATCGCAGTCCGAACAGCTGCTCAAGCCTGAATACCGCAAGGCGCCGAGCGTGCAAAGCATCGTCGATAAGACGTATGCGCGTGTGGAAGGCAAGGGTCTGAGTGAACTGAAGAAGAAGCAGTACCTTGACATGCATCAGTGGATGCCGGGTGACATTCTGCTCAAGGCCGACAAGATGACCATGGCGCATTCGCTGGAATTGCGTGTGCCGCTGCTCGACAAGGAGCTCATGGGCGTGGCCGAGCAGGTGCCGACCAAGTACCTCATCACCGACGAGAACACGAAATACGCGTTCCGCCAGGCGGCGGGACGTCATCTGCCCAAGGAATGGTACGACCGTGAGAAGCTTGGCTTCCCGGTGCCGATCAAGAAGTGGCTGCGTGAGGAGAAGTTCTACAAGTACGTCCGTTCCGTGTTCGAACGCGATTACGTCAGCCAGTTCTTCGACCAGGACGCGCTGCTGAAGATGATCGATGACAACTATGCCGGCAAAACCGACGATCGCCGCAAGATCTGGACCGTGTACTCGTTCCTGACGTGGTACGACGTCTACTTCGTGCACGACGGCGAGAAGCCGGACGTCATCGCCATCGCC, asparagine synthetase [Bifidobacterium adolescentis ATCC 15703], 8888, 10879, -1, 1.25636, 
pool1_scaffold42_1, pool1_scaffold42_1-10, , ACACGATTCCAACCGATTCTGCTGGGCAGCGACATCAACGTCTACGGCATGGCCAGGGCGTTCCATGAGGAGTACGGCATCGTTTCCGAGGCGTATGCGTATTTCCAGCTGAGCCCCACGAAATTCAGCCGTATCGTCAACGTGCACATCGTCGACGATTTCAACAACTTCGTCACGTTCCGTAATTTCATGCTCAAGCTCGGCAAGCGTATGAAGGCCGAGGATCCGGAACGCGTGCTGCTGCTCATCCCCTGCGGCGACGTGTACGCCAATCTGCTGAGCCAGTGCGGCGACGATCTTCGCGAATATTTCGTATACAACACGCTTGACGTGAACCTTTCGCGCCGGCTCGCCTACAAGTCCACGTTCTACCAGATCTGCGAGCAGTATGATCTGCCCCATCCGAAGACGCGCACCGTCACCGCCGATGAGGTGAAGGCAGGAGCCTACCGTGATTTGCCGTTCAGCTATCCGGTGGCCATGAAGCCCGCGAATTCGGTGGAATGGCTCAACATCGATTTCGAGGGCCGTCGCAAGGCCTACATCTTCAACGATCCGGCCGAATTGGAGACCATCATCAAGCGTGCGTACGATGCCGGATACACGTCCGAAATGGTGATTCAGGACTTCATCCCCGGCGACGATTCCCGTATGCGTGTGCTGAACGCCTATGTGGACCAGCATCATCGCGTGCGTATGATGTTCCTCGGCCACCCGCTGCTGGAGGATCCCTCCCCTGTCGCCGCGGGCAACTATGCGGCCATTCTGCCCGACTACAACGAGGGTGTGTTCCGTCGTATCAAGGCTTTCCTCGAGGACATCAAATACGAGGGCGTGGCCAATTTCGACATGAAGTACGACGAACGCGACGGCGAGTACAAGCTGTTCGAAATCAACCTTCGCCAAGGACGTTCCAGCTATTTCGTCACGCTGAACGGCTTCAATCTGGCGAAGTATTTCGTCGACGACCTCGTCGAGGACACGCCGTTCGACGGCAACACCCTGTTCGGCCGCGGTTCGAAACTGTGGCTTGAGATTCCGAAGTCGATTTTCCTTGATTACGTCGCAGAAGGCACTGACAAGGAAACCGGCAAGCTCATGCTCAAATCGGGCGATTGGGGTACCACCTTGGAGTATTCCAAGGATATGAATCCGCTGCGTTGGCTGATGATTCGGCACATGTTCTCGATTTACAAGAAGAGCTATGCCAAGTACTTCACCAAGAAGGGCGAGCTTAAG, carboxylate--amine ligase [Bifidobacterium adolescentis], 18683, 19927, 1, 1.26678, 
pool1_scaffold42_1, pool1_scaffold42_1-11, , GGCACGCTGGCCACCGAAAGCTACATCCGCTTGGTCAACCGCGCCACGCATGCCCATTGCGATCAGGATTATCTGGACTACATCGTCTTCAACGATTCCTCCGTGCCGGACCGCACCGCGTACATTCTCGGCGAATCCGACGAGAATCCCTTCCCCGTACTCGCCGACGATATCGAGAAGGCAACGGCGATGGGCGCGAGTTTCATTGTGCTCACCTGCAATACCGCGCACTATTTCTATGACGATTTCCAGGCGTTGACGACGGTGCCGATTCTACATATGCCACGCGGCGCGGTGGCACGCATGGCTCAGCGTTATCCGAAGGATCGTTTTCCGCGGGTCGGTTTCCTCGGCACCGTGGGTTCGCGCAAATCCGGCGTGTACAAGCGTGCCGTCGAAGAGGCCGGGTACACGTTCGTCGAACCGACCGACGAGTTGCAGGCCCGTATCACTTCGCTGATTTATGACGATGTGAAAGGTAGTGGCGAGCTCAATCTGGAACGCTACGAATCGGTGTTGCGCGATATGCTCGATCCGGCAGGCCCCTGCGCGTGCGACACGCTGATATTGGGCTGCACCGAGCTGAGCGTGCTCAACGAGGCGTTTCCGCTGCCCCAGCTGCCGGTCATCGACGCGCAGGCCGTGCTGGTGGAAGATACCGTGGCGCGGGCCGAAGCGTTGCGCGCG, aspartate racemase [Bifidobacterium adolescentis ATCC 15703], 19957, 20649, 1, 1.25644, 
pool1_scaffold42_1, pool1_scaffold42_1-12, , TCATTCGAACATCCCAATCGCAACAACGAAAGCATGATCGACGTCGAACGCGACATCATGAGCCGTCCATCGGAACGCAACACCACCAATCTCGACCTGCAACGCATGAAGATGATCCTCGACATCATGGGCCATCCGGAGCAGTCGTTCCGCGTCATCCACATCACCGGCACCAACGGCAAGGGCTCCACGGCACGTATGGCCGAAGCCATCTGCCGCGCCTACGGCATGCGTACGGGCCTATACACCTCGCCCCATCTGGAACACGTCAACGAGCGCATCGCCATCGACGGCCAGCAGCTGTCCGACGACGATTTCGTCGACACCTGGGACCAGGTCAAGGACCTTGTCGCCATCGTGGACATGAAAATGGACGAGCTGGGCAAGCCGAAGATGAGCTTCTTCGAAGTGCTCACCGCCATGGCCATCTGGAAATTCGCCGACGCGCCGGTCGACGTCGCCATCGTGGAAGTCGGCATGGGCGGCCGATGGGACGCCACCAACGTGCTCGACGCGGACGCGGCCATCATCGGCCCGGTCGACATGGACCACATGGCATGGCTCGGCGACACCGTGGAGGAAATCGCCACGGAAAAGGTCGGCATCATCAAGCCGAACTGCACCGCCATCATCGGCCGCCAGCCACACGAGGACGAGGTCATGCCGATTATCGAGGCCGCGGCCAAGGAGAACCACGCCAGCTTGGTGCGCGACGGCGTCGAATCGGAAGTCGTCACCCGAGTGCCGGCCGTCGGCGGCCAGGTGGCCACCCTGCGCACTCCGAACGGCACTTACACGGAAGTACCGATCGCCAAATTCGGCGAGCATCAGGCACACAACGCGCTCGCCGCACTGTGCGCGGCGGAAGTGGTGATTCCCGTCAACGGCGCGTTGGACGGCGATTTGGTGGCCGAAGCGTTGAGCAGCGTACGCATTCCGGGACGTATCGAACAAATTCGTACCTCGCCTACCATCATCCTTGATGGCGGGCACAACGTGAACGCGGCCGAATCGCTGCGTGCCGCCATTGAAGAGAACTATGATTTCCAGCAGCTCGTCGGCGTGGTCGCCATGATGGGGGACAAGCAGGTCGAGGAGTATCTGGGCGTGCTCGAACCGTTGCTGAGCCATGTGATCGTCACCGAGAACTCGTGGCGTGACCGAGTGATGCCGGCTGAGGATCTGAAGAAGATCGCGGACCGTGTTTTCGGGCCGGAACGCGTCACCTGCATTCCCGAATTGCCGGACGCCATCCAGGAAGCCGTCAACATGGTTGATGCCGATGACGAACTGGGCGTCGGCTACGGTCATGGCGTGCTCGTCTGTGGCAGCTTCACAACCGCCGGTGATGCGCGACTCATGCTGGAGGAGAAGATCAACTCCGACCTGAAGAAGCCAAAGGCCGAACGTGTGTTCCAGGAATCCGTCGATCCGGAACCGCGCAAAAAGCAGGACGAGGCTGACGTGGATTTCGAATCCGACGCCAACCCTGATTTCAACATCAACGATTTCGGCAGCGTCGGTCCGGACGATTCCGTTTTAGCAGACGCCGATGCGGATGAAATGGATGAGGCGGCGGATGCCAACGAACCGGCGGATGCGGAAACGGCTTCGGAAAACGAAACGAAG, bifunctional protein FolC [Bifidobacterium adolescentis CAG:119], 20809, 22443, -1, 1.23936, 
pool1_scaffold42_1, pool1_scaffold42_1-13, , GGCGAAGTCATTACTGACAAGGACAAGGAATACGAGAAGATGGAGCGGGAGGCCGCTCCGGGACCGGATCAGGCCATGAGCGATCGTGTGAACAATCGTTCGCTGCGTCCGCGTTCCGAGGCGTTCAAGGAGTTCATGACCACCGGTTGGGATGACAACGAGCCGCAGATCGAGCCGTTGGAGTCCTCCAAGTACACGCCGGCGCGTCTGGAGGCGTTGGGCAAGGCGTTCCCGGGCGAGCGTATCGTGATTCCGGCCGGCCAGCCGAAGGTGCGCAACAACGATTGCGATTACGCGTTCCGTCCGGATACGACGTTCTCCTACTACACCGGTTTGGGTGAGGATTTCGAGGCCGGCGCGGTGCTGGTGCTGAATCCCGTCGATCCGGATTCTCCGGAGGCGAAGACCGGCAAGACGCATGTTCCGGAACTGTTCGTGGCTCCGCGTGCCAACCATTACACGCAGGACTTTTTCATGAACGCCCATTATGGCGAGTATTGGGTGGGTCCGCGTGCCGGTGTGAAGGAAATGACCGCGATGACCGGCATCGAAACCAACGACATCGCGCAGCTGCCCGACGCGTTGAGCAAGGATGTCGGCACTGAGGCCGGCGCGGTGCGCGTGCGCGTGATCCGCGAAGCCGATCCGGCGATTACCAGCATGGTCGAGGAGATCCGTGAAGCCAACGGTTTCGCCGATCCGGACAACAACACCGCTGCCGATGACAAGCTGCACGAATTCGCCGCCGAGGCACGCATGTGCAAGGATGAGTATGAGGTTCGTGAGATGCGCAAGGCGGTCGCGGCAACCAAGCATGGTTTCGACAACATTCTGCGCAAGATTCCGTCTTCCCTTGGCAAGCCGCGTTCGGAGCGCATGCTGGAGGGCGCGTTCAACGCCATCTCCCGCGAGGAGGGCAACGAGGTCGGCTACGACACCATCATCGCTTCCGGCGCCCACGCTCCGATTCTGCATTGGATGCGCAATACCGGTACCGTGGAGTCGGGCGAGCTGCTGCTCATCGACGCCGGTGTGGAGGTCAACAGCCTGTATACCGCCGACATCACCCGCACGTTCCCGACCAACGGCAAGTTCACCGATTTCCAGAAGAAGCTGTACCAGGCCGTGTTGGATTCCCAGCAGGCCGGTTTCGAGGCGGCCAAGCCGGGCGCCACGTATTCGGACATCCATCATGCGTGCATGCGCGTGATCGCCGAACGTCTGCATGACTGGGGTATTCTGCCGGTCGATGTCGAGGAGTCGCTCTCCCCTGAAGGCCAGCAGCATCGCCGTTGGCTCGCCTGCGGCGTGGCACATCACCTTGGTCTTGATGTGCATGATTGCGCGCAGGCGCGTTATGAGTCGTATCAGAACGCCAAGATTCGTCCGGGCATGATCTTCACCATCGAACCGGGCCTGTACTTCCGTGAGGATGATCTGCTGATTCCGCCGGAATACCGTGGCATCGGCATTCGTATCGAGGATGACGTGCTCATGACGGAGGATGGTCCGGAATGGATTTCCGCGGGCATTCCGAAGCAGATCGACGATGTCGAGGCGTGGATGGCCGATATGGCCGCCGAAGGCGTGAAGGCC, xaa-Pro aminopeptidase [Bifidobacterium adolescentis CAG:119], 22590, 24191, 1, 1.24319, 
pool1_scaffold42_1, pool1_scaffold42_1-14, , CCCACGCCTGAATTCGTACTCTCGCTACGTGAAAAAATAGGCCACGATCTGTTATGGCTCATGGGCGTCTCCGGCTATGTCGAGGACGAGCAGGGCCGTGTGCTGTTGGGGCGTCGTTCCGACACCGGCGAATGGGCCATGGTGTATGGCATCAACGAGCCCGGAGAGGAACCGGCCGATACCGTTGCCCGCGAGGTCAAGGAGGAGACCGGCGTGGATGTGGTCGTCACCGATCTGGTGTCGGTCAAATCGTCCAGAAAGGTCCTCACCTATGCGAATGGGGACAACACCATGTACATGGATCACCTGTTCATCTGCAGGCCCGATCCGAATGGCAACACGGAGCCGTTCGTCGGCGATGAGGAAAGCCTCAACGTAGGCTGGTTCTCCCCTGATGCTCTGCCCGAACCGTTGGCAGCCACCACGGTGGAACGCATGGCTTACGTACGCGAATATCTGAAGGCCAAGGCGAATGGCGATTCCCATGCCCAGTTTGCCTTCAACGGCACCATCCGC, ADP-ribose pyrophosphatase [Bifidobacterium], 24201, 24722, 1, 1.28026, 
pool1_scaffold42_1, pool1_scaffold42_1-15, , AGTGAAATCAAGGAAGGCAATCTCGCCGAGATCAAGGACCTCAGCGTCTCGTTCATGACCGACGCCGGTTCCATCAAAGCCATCGACAAGATCAGCTTCGAAATTCCCCGTAAGAAGGTCATCGGCGTGGTGGGCGAGTCCGGTTCCGGCAAGTCCGTGACCGCACGCTCCCTCATCAAGCTGCTGCCGGAGACCGCTACGACCTCCGGCGCGGTGTACCTGTCGAACCGCGCGGGCACCGAGGAGCTGGAAGTGCTGTCGCTGTCCGGCGAACAGCTGCGCGAAATGCGCGGCGCCGAAGCGGCCATGGTGTTCCAGGAGCCCAATTCGGTGCTCAACCCGGTGTATACCATCGGATGGCAGATCGAGGAAGGCCTTCGCGCCCATGGCATGAAGGACAAGAAGGAACTCCGTGCCAAGTCCATCGACATTCTCAAGAAGGTCGGCATTCCGGACGCGGAAACCCGCATCGACTACTACCCACACCAGTTCTCCGGCGGCCAGAAGCAGCGCATCGTCATCGCCATGGCCCTGGTGCTCAACCCCGGCCTGATTCTGGCCGACGAACCGACCACCGCCCTCGACGTGACCGTGCAGGCCGAAATCCTCGACCTGCTGCGTCTGGCGCGCGACGAGTTCGACGCATCCGTGCTCATCATCACCCACAACATGGGCGTGATCGCCGACATCGCCGATGAGGTCGTGGTCATGTACCGCGGCCACGTCGTCGAACAGGGCAGCGTCGAGCAGATCTTCTACTCGCCGAAGGACGACTACACCAAGCGTCTGCTTGCCGCCGTGCCGCGTATTGGCCAGAAACTGGTCGTCAAGGATGCCGATGGCAAGGTCATCGAACGTGAGAAGGATTGGCGCGATCAGCCCATCGCGGTCGAGGCCAAGGGACTGACCATCACGTATCCGGGTCATCTCATGCAGCCTGATTTCAAGGCCGTGGACGGCATCGACTTCACCATCCACCGTTCCGAAGTGCTCGGTCTGGTAGGCGAGTCCGGTTCCGGCAAATCCACCACTGGCCGTGCCATCGCAGGCCTGCAGAAGGTTTCCGGCGGTTCCCTGAACGTTCTAGGCATAGAAATGAACGGTGTGAAGGAACGTGATTTCAAGCCCAAGCGCGCCGACATCGGCTTCGTGTTCCAGGATCCGGGCAGCTCGTTCAATCCGCTGATGACCATCGCGGAAAACGTGGCCGAACCGTTGATCGTGCACAAGAAGTTCTCGTCGGTATCAGACGCCCGCAAGTATGTGGGCGATCTGCTTGAGATGGTGCAGCTTCCGCGCGCCTACATGAACCGTTTCCCGCACGAGCTGTCCGGCGGCCAGCGCCAGCGCGCCTCCTTGGCACGCGCGTTGGCGTTGAAGCCGAGCCTGCTCATCGCCGACGAACCGACCTCCGCGTTGGATGTGTCGGTGCAGGCGAAGGTGCTGGAGCTGTTCAAGAAGCTGCAGGCCGAAATCGGCTTCGCATGCCTGTTCATTACCCACGATCTCGCCGTGGTCGACATGCTCGCCGACCGCATCATGGTGATGCACAAGGGCCAGATCGTGGAACATGGCGATGCGGATCAGATCATGCAGAATCCGCAGAACCCATACACGCAGAAGCTGCTGGCCTCCCTGCCGGTGCCCGATCCGCGCGAACAGCGCAAGCATCGCGAGCATCTGCATGAGCTGCTTGCCGCCCAGCAG, ABC transporter ATP-binding protein [Bifidobacterium adolescentis], 24810, 26522, -1, 1.22454, 
pool1_scaffold42_1, pool1_scaffold42_1-16, , ACCGCAGCATCTGCCAACAAGGTCACCGTTCCAGGCGACAATCGTCTGGACGAGCTCAAGCTCGGCAACAAGACGCCATTCTGGCATAAGATTCCGATCATCAAGGAACTGCGCGTCGCAGTCGGCTGGCAGAAAGGCATGCTGATCACGGGCCTCGTGCTCACGGCGTTCTTCCTGCTGGTCGCCATTTTCGCGCCGCTCATCGCGCCATACAGCTACGCGCAGCTCAAGGGCGCCGACGGCGTTTCCTTCCCGGCCCAGGCGGCACCGTCCTCCGAACACATCTGGGGCACCACTGCAGGTGGCTACGATGTGTTCAGCCGTGTGGTCTGGGGTGCCCGCACCGCCGTCATCGCCATCGTCGTCGCGGTATTGCTGTCGATTTTCGCAGGCGTGCTGCTCGGCCTGGTCTCCGGCTATTTCGGCGGATGGGTCGATCGTGTGCTCGTCATGATCGCCGACGCCGTGTACTCCTTCCCGTCGCTGCTGCTGGCGATTCTGATGGCGATCATGATCTCCCACGGCCAGTCCGGCCTGTGGAGCGGCATCTTCGCCTCCGGCATCTCCATCACCGTGGTCTATATTCCGCAATACTTCCGTACCATCCGTGCCGAAGTGATCCGCATCAAGGAATCCGCGTACGTGGAATCCGCCCGCGTGGTCGGCGCCTCCACGTGGCGCATCATGACCAAGCACCTGTTCAAGAACTCCACACGAACCCTGCCGGTCATCCTGACGCTGAACTCCTCCGAAGCCATCCTGACCCTTGCGGGCCTGGGCTTCCTGGGCTTCGGCATCGAACCGACCGCGGCCGCCGAATGGGGATACGACCTCAACCGCGCCGTCTCCGATGTGACCGCCGGCATCTGGTGGACCGCCGTGTTCCCGGGTCTGGCCATCGTGCTCATCGTGCTGGGCATCACCCTGGTGGGCGAATCGCTGAACGATCTGGCCGATCCGCGTCTGCGCGCCCGCAAGTCCGCAGGCGAAGTGGTGGGTTCCATCGAAGACACGTCCGTGGACCCCAGCCAGGAGCCAGGCAAGCGCAACGAGGTCGTCGCCGAACTTGAGGCGGCGAAGAATCCGATGGGAGCCAGCGACAAACCGGTGACCGTCACCGACCGTGATCCGTCATTCGTGGCTTCCGAATGGGCTTCCGAGGAAGGGGAG, peptide ABC transporter permease [Bifidobacterium adolescentis ATCC 15703], 26527, 27702, -1, 1.23374, 
pool1_scaffold42_1, pool1_scaffold42_1-17, , ACGCAAAGCGCAACCGAGGCTCAGCCGAAAGCCAAGAAAAACAAGCTTTCAAGCGGATTCTTCCGTTTCGTGCTCACACGCTTTCTGCTGATCATTCCTACAGTATTTATTCTTGTAACCATCGTCTTCTTCGTGATGCGCGCTACCGGCGATCCGATTTCCGCCGCTCTTGGTGGCCGTCTCACTCCCGAGGAACTGCAGAAGCGTATCCACGCGGCCGGTTATGACCGTCCGCTCATCGTGCAGTACATCGATTATCTTGGCGGCCTGCTGCATGGCGATCTCGGCACCACATTGACCGATAACCAAAAAGTGAGTACCATCCTTACTCACTATGGTGCCGCTACATTCGAGCTGGCGTTCCTCGCGCTCATCGTCGCGCTCATCGTCGGCATCGGCTTGGGACGCATCGCCGCACGCAAGCGTGACCACGCGGCCGATGCGGGCATCCGCACCTTCGCCATCCTGTGCTATGCCACCCCGGTGTTCTTCCTCGGCCTGATTCTGAAGCTCATCTTCGCTATCTGGCTGAACGTGCTGCCGGCATCCGGGCGCTCGTCGCTTGGCAGCGAGATGCAGTTCTCCCGACTGGTCTCGCCGACCGGCTTCTACATCATCGACGCGATTCAGTTGGGTGATATGTCCGTGTTGCTTGATGTGCTCCGTCACGCTGTGTTGCCGGCCCTTGCGTTGGGCCTGCTGACCGCCGGCGTGTTCATTCGTTTGGTGCGCACCAACGTGATCGCCACCTACAATTCCGGCTACGTCGAGGCGGCCCGTTCCCGCGGCGTCTCCGAGAAGCGTCTGCTCAACAAGCACGCATGGAAGCCGGCGTTGATTCCAATCATCACCGTCATGGGCATGCAGATCGCCCTGATGCTCGCAGGCGCGGTGCTCACCGAAACCACCTTCGAATGGAAGGGCCTCGGCTTCATGCTGTCGCAGTACCTGAAGGCACGCGACTTCGTGGCCGTGCAGGGCATCGTTATCCTAATCGCCATCATCGTGGCCGTCGTCAACTTCATCGTCGACGTCATCGCCGCGTTGGTCGACCCGAGAGTGAGGTAC, peptide ABC transporter permease [Bifidobacterium], 27704, 28777, -1, 1.26367, 
pool1_scaffold42_1, pool1_scaffold42_1-18, , AATCGCAAGAAAGTTATCGCCGCTCTGGCTTCTGTCGCGGCTCTGGCTTCCCTGGCCGCCTGCGGCGGCGTGAAGGACGGTGGCGCCGCAACTGGCAACACCATCACCGTCGGCACGACCGATAAGATCACCAGCCTTGATCCGGCTGGCTCCTACGACAACGGTTCCTACGCCGTGCAGATTCAGGTGTTCCCGTTCCTGTACGCGCAGAACTACAACACTTCCGAGCTGTCTCCGGACATCGCCGCCGATGACGGCACCTGGAGCGCCGACGGCACCGAGTTCACCGTCAAGCTCAAGAAGGGCCTGAAGTTCGCGAACGGCCACGATCTGACCGCCTCCGACGTCAAGTTCTCCTTCGACCGTATCAAGAAGATCAACGACGAGAACGGTCCGTCCTCCCTGCTGGCCAACATCGAGTCCGTCGAGGCCAAGGATGACACCACCGTCGTGTTCCACTCCGCGGTCAAGGACGACGTGACCCTGAAGCAGGTGCTCTCCAGCCCGGCCGGCCCGATCGTCGACGAAGAGTCCTTCTCCGCCGACAAGCTGACCGATGCCAACACCATCGTCAAGGACAACGCCTTCGCAGGCCCGTACAAGCTCACCTCCTACAAGGTGAACGAGGCCCTGGCATATGCCAAGAACGTTTCCTACAAGGGTTTGACCCCAGCTAAGAACGACGTTGTGCAGGTCAAGTACTTCGCCGATTCCTCCAACTTGAAGATGGCCGTGCAGCAGGGCCAGGTCGACGTGGCCTACCGCTCCATGACCCCGACCGACGTCGAGGACCTGTCCAAGGACAACAAGGTCAAGGTCGTCAAGGGACCGGGCGGCGAAGAGCGCTTCCTTGCCTTCAACTTCAAGATCATGCCGTACGGCGAGAAGTCCAGCGAGCCGAACGCCGACAAGGCCAAGGCCGTGCGTCAGGCCGTTGCAAGCCTGATCGACCGCAACGAGCTGGCCACCAAGGTCTACAAGAGCACCTACACCCCGCTGTACTCCTTCATTCCGGATGGCCTGTCCGGCCACGACGACACCCTGAAGGCAGCCTATGGCGACGGTTCCGGCAAGCCGGATGCGGCCAAGGCCAAGAAGACCCTCGAAGCCGCCGGTGTGAAGACCCCGGTAGACCTGAAGCTCCAGTACAACCCGGACCACTACGGCCAGTCCTCCGCCGACGAGTATGCGGCCATCAAGGCCCAGCTCGAGGAAGGCGGCCTGTTCAAGGTCGACCTGCAGTCCACCGAATGGACCCAGTTCAACAAGGACCGTGTGGTCACCGAGGATTCCGATGGTTCCTACCCGGTCTACCAGCTCGGTTGGTTCCCGGACTACTCCGATCCGGACAACTACCTGTCCCCATTCTTCCGTGACGGCAACTTCGTGAACAACGGATACTCCAACAAGGAAGTCAACGATCTGATCGTCAAGCAGGCCGGAGAGACTGACGCCAAGGCCCGTGAGGACCTGTTGAAGGAAATCCAGAAGCTCGAAACCGATGACCTGTCCACCATCCCGCTGCTGCAGGGTGCCCAGGTTGCGGTCACCGGTTCTAATGTGAAGGGTGTCGTCCTTGACGCTTCCTTCCGCTTCCGCTACTCGTCCGTGACCAAGGCC, aBC transporter substrate-binding protein family 5 [Bifidobacterium adolescentis CAG:119], 28869, 30494, -1, 1.23985, 
pool1_scaffold42_1, pool1_scaffold42_1-19, , CACTGTCGCAAGGAGGTGAGCATGAGTAGGTACAGCGCCCAACAGTCATCGATCTCGGAAAACAACCGTTCCCGCATCCTGCAATACCTGTACCACAATGGCATCTGCTCACGCGCGCAGATCGCCAAAGCCATCAAGCTCACTCCGGCGGCAATCACCAAAATCACCGCGAAACTGCTGGCGCAGGGCATCATCGAAGAAACCGGCGACATGGACGGAGACAAGAACCGCCGTTCCATCGGTCTGAATCTCAATTGCGCCAAATACCACATCATCGGCGTGAAGTTCGCCCGCAGTCTGGTGCAAATCGCGGTCTTCGACCTCAAGTGCAACCGTATCTTCCTGTCCGACTTGCCTACCGTCAGCGAAGAGCACATCCCCGAAACGGTGGAGCGCATTCGAGATACCGTACGCCAGCTCATCAAGGACGACCCCAGCATCGTGGCCGTCGGCATGGCGGTTCCGGGGCCCTATTTAAAGGACGAAGGACGCACCGCTTTGGTCTCCTCCATGCAGGGCTGGAGGCAAATCAACTTCATCGACGAATTCAGCAACGCATTCAGCGTCCCCGTGTTCGTCGAACAGGACGCCCGCGCCGGCGCGCTGGCGCAGTTCCTGCTCAATCCGGAACTGTCGGAAGGTTCCCTCGCCTACTATCTGCTTGGCGAAGGCATCGGCCTCGGAGTCATCGACAACGGCACCATCTACTACGGCGAGCACGGCACCGCCACGGAAATCGGACACGTCTCCATCGACGTGAACGGCAAGCCATGCGACTGCGGCAATGTCGGATGCCTGGAACGCTACTGCTCCGCCAACGCCATCCACGAACAACTCAACGCCAACCCGAGCATCATTCCCGGATGCGAGACGATGACACATGCGCAGGCTTGCGCAGCACTGTTCGCCAAGGCGAACGCGGGAAACGAGACCGCGACGCTTCTGATGCTCGATGTTGCCCGATACGTTGGGTACGGCGCGGTCACCATCATCAACGCTTTCAATCCGACACACATCGTTCTTGGAGACATCATCGCGCAAGCCGGCCAGCCGTTGCTCGACGAAGTCACACAAGTCGTGCGCGAACGCACGATCCCCGAAATCGGGCGCAACACCCGAATCACCCTGTCCGCCCTGCCCACCGACGCCACCGTCACCGGTGCCGCCGCCGTGGCCATCACCAATTTTCTGGAACATCCTTCGATGTTCTTCGACGTCGCA, NagC family transcriptional regulator [Bifidobacterium adolescentis], 30862, 32088, 1, 1.27121, 
pool1_scaffold42_1, pool1_scaffold42_1-2, , CCGCATAGCCATGAAAATGACGATTCTTTCCTTTCGTCCGTCACGGCTACACTACCGGGTATGGATTTCCACGATGCCCGCACCTGCGTGATCTTCGGCGCAGGCGATTATTACGATGAGACCCCTGCGATTCCGGATGACGCCTTCGTCGTCGCCGCGGATGGCGGCCTCGACCACGCCCGTGCCTTCGGCATCGACGCCGATTTCGTGGTCGGCGACTTCGATTCGATTACCGGCGACCGCCCCACGCAAAACGACCGCACCATCGCATTGCCTTCGGAAAAGGACGATCCCGACCTGCTGTCGGCTTTGAAGATCGGCTGGCTGCGCGGCGCGCGCACGTTCCACATATACGGCGCGCTCGGCGGACGAATCGACCATACGATTTCCAATATCCAGCTTATGGCGCTACTGGCCGACCGTGGCGCGACCGGCTACCTGCACGGCGACGGATCGATCGTCACCGCGATCTGCGACGGCGCGCTCGATTTCCCGGCGGACGACGCCGTTGCGGGACGCATGGTCTCCGTGTTCTCCCACAGCGATATCTCGACCGGCGTAAGCGAAACGGGATTGAAATACGAGCTGCACCACGCCGACATGAGCAGCACGCGCGTCAACGGACTGAGCAACGAGTTCCTTGCCGGCAGGCCGTCCCGCATCACGGTGGAGCATGGCACGCTCATCGTCACGTTCCCCATCGAGGCTCCCCTGCCGCACGTGGCGCGATGGCATGGCTTCTCCGGAGATCTCGGTGCATTGGACACGGACGTATCCTCCGCGCTGGTCGAGCCAAGCGGCCGT, hypothetical protein BAD_1078 [Bifidobacterium adolescentis ATCC 15703], 10900, 11709, 1, 1.27195, 
pool1_scaffold42_1, pool1_scaffold42_1-20, , TCCAAGCCAATCGTCATCGCCCTCGGTGAAATCCTGTGGGATATGCTCCCCACCGGCAAGCGCGCCGGCGGCGCTCCCGTCAACTTCGCCTACCACGCGTCCCAGAACGGCGCGGAAAGCTACGCCATCAGCGCCGTCGGTAACGACGAGCTGGGCGCCGAGCTGCTCAACGATGCGCACAAGGCCGGCATCAACACGCTGGTGCAGACCAACGAATACCCGACCGGCACCGTCGCCGTGGCACTGACCAACGGCATTCCGGAATACACCATCGTGCAGAACGTAGCTTGGGACCACATCGGCTACACCGACGAACTCGCCGAGGCCGTGTCCAAGGCCGACGCCATCTGCTTCGGCACGCTGGTGACCCAGCTTTCTTGTACAAAGTTG, PfkB family sugar kinase [Bifidobacterium adolescentis ATCC 15703], 32119, 32512, 1, 1.22405, 
pool1_scaffold42_1, pool1_scaffold42_1-21, , GCACGTGTCAAGCGCGCAGTAAACGCCCACAAGAAGCGTCGCGTCGTTCTCGAGAGGGCTTCCGGCTACCGCGGCCAGCGCTCCCGCCTGTACCGTAAGGCCAAGGAGCAGCTGCTGCACTCCTTTACCTACAACTTCCGCGACCGCAAGGCTCGCAAGGGCGACTTCCGCAAGCTGTGGATCCAGCGCATCAACGCTGCCGTCCGCGCCGAAGGCATCACCTACAACCGCTTCATCCAGGGCCTGCACCTTGCCGGCATCGAGCTGGATCGTCGCGCTCTCGCCGAGCTGGCCGTCTCCGATCCGGAGGCTTTCAAGGCCATCGTCGAGCAGGCCAAGGCCGCTCTTCCGGCTGACGTGAACGCTCCGAAGGAAGCC, testing, 7252, 7635, -1, 1.23983, 
pool1_scaffold42_1, pool1_scaffold42_1-22, , CCGAAGATGAAAACTAATTCCGCCGCTTCCAAGCGCGTCCGCGTGACCGGTTCCGGCAAGCTGATGCACGCCGGCTCCGCAATGCGCCACAACCTCGAGCACAAGTCCGCTCGTAAGCGCCGTGAGCTGAAGGCCGACGGTGTTCTGGCCACTTCCCAGAGCAAGAACATGAAGAAGCTGCTCGGTCGC, 50S ribosomal protein L35 [Bifidobacterium adolescentis ATCC 15703], 7688, 7882, -1, 1.27793, 
pool1_scaffold42_1, pool1_scaffold42_1-23, , AGGATTGGAGTCATCATCAGCGACGAACCACGCATTAACGACGAGATTCGCGTCTCCCAGGTGCGTCTGATCGGCCCGAACGGCGAGCAGGTGGGAGTCATCGCGACTTCCGTCGCACTGAACCTGGCAAAGGAAGCGAACCTCGATCTCGTCGAGGTGGCGCCCAACGCGAAGCCTCCGGTCGCCAAGCTCATCGATTACGGCAAGTACAAGTACAACGAGAAGATCAAGGCTCGTGAGGCCCGCCGCAATCAGAGCACCGCGGAAATCAAGGAAATTCGCTTCCGTCTGAAGATCGACGACCATGACTTCGACGTCAAGAAGGGCCATGTGGTGCGCTTCCTGAACGGCGGAGACAAGGTCAAGGTCACCATTATGCTGCGCGGTCGCGAGCAGTCCCGACCGATCGGCGGCGTCGAGCTGTTGCAGCGTCTCGCCAGCGAAGTGGAGGAATACGGCACTGTCGAATTCGCTCCGAAGCAGGAAGGCCGCAACATCATCATGACGCTTGCGCCGAAGGGCAAGAAGGTCCATACCCAGTCCGAGCAGCGTCGTCGTGGCGATCAGTCCCGTGCCGAGCGCCAGGCTCGTCAGGCGGCTCGTCTGGCGGCCAAGCAGGAGGCCCAGGCAGCGGCCGCAGCCGCAGCCAAGGCAGCCGTGGCATCCGACAAACCGAAGACTTCCGAAACGAAG, translation initiation factor IF-3 [Bifidobacterium adolescentis], 7901, 8599, -1, 1.25755, 
pool1_scaffold42_1, pool1_scaffold42_1-3, , ACAGTTAAGATTGGTATTAACGGCTTTGGTCGTATCGGTCGTCTGGCTTTCCGCCGTATCTTCGAGCTGCAGGCTCGTGGCGGCCAGGCCGGTGACATTGAGGTCGCTGCAATCAACGATCTGACCACCCCGTCCATGCTGGCCTACCTGCTGAAGTACGACAGCACCCACGGCACCTTCCGTCATGACGATGGCACCCCGGTCGAGGTCACCTCCACCGACGACTCCATCGTGGTCGACGGCAAGGAATACAAGGTCTACGCCGAGAAGGATGCCAACAACATCCCGTGGGTCAAGAACGACGGCGTTGAGTTCGTGCTCGAGTGCACCGGCTTCTACACCTCCGCTGAGAAGTCCCAGGCCCACATCAACGCTGGCGCCAAGAAGGTCCTGATCTCCGCTCCGGCCAAGGACGAGACCACCCCGACCATCGTGTTCGGCGTGAACCACGAGACCCTCAAGGCTTCCGACGTGATCGTGTCCGCCGGCTCCTGCACCACCAACTCCATGGCCGCCATGGTCAAGCTTCTGGACGAGAACTGGGGCATCAAGGCTGGCTTCATGACCACCATCCACGCCTACACCGGCACCCAGATGATCCTCGACGGCCCGCGCTTCCCGAAGGCTCGCAACAACCGCGCCGCCGCCATCAACACCATTCCTCATTCCACTGGCGCCGCCAAGGCCATCGGCAAGGTCGTTCCGTCCGTGAACGGCAAGCTGCAGGGCCACGCCCAGCGCATCCAGGTTCCGGATGGCTCCGTCACCGAGCTGACCACCGTCCTGAACAAGGAAGTCACCGCCGATGAGATCAACGCCGCCTTCAAGGCCGCCTTCTCCGACACCGACTTCTACGGCTACAACGAGGATGGCATCGTGTCCTCCGACATCATCGGCGACACCCACGGTGGCGTGTTCGATCCGACCCAGACCGATGTCAACACCGTTGACGGCCTGACCATGGCTCGCACCGTCTCTTGGTACGACAACGAGTACGGCTTCACCTGCAACATGGTGCGTACCCTGCTGTACTTCGCCGAGATCTCCGAG, glyceraldehyde 3-phosphate dehydrogenase C [Bifidobacterium adolescentis ATCC 15703], 11881, 12936, 1, 1.23376, 
pool1_scaffold42_1, pool1_scaffold42_1-4, , GGCGGCATGGCAAAGAAAAAGCATGAGAAGGGCGCCGGTTCCACACCGGCCACCGTGCAGTTGGAAAAAGCCGGAGTTCCGTTCAAAACCTACGAATACGCGCATTCGAACGATCACATGGATGACGGTTATGGGGTTGAGGCCGCCACCAAGCTCGGTTTCGACGAGCATCAGGTGTTCAAGACGCTGATGGCGGACACCGGCTCCGAACGCGTGGTCGGCGTGGTGCCGGTCAGCGGACATATGGATCTGAAGGCGCTGGCCGCGGCAGTCGGCGCGAAGAAGGCGGCGATGGCCGATCCGAAGGTCGCCATGCGCGAATCCGGCTACGTGGTCGGCGGCATCTCCCCGCTTGGCCAGCGCACACACCACAAGACGGTGCTTGACGAAAGCGCGCTGCAATACGACGAAATCCTGCTGTCGGGCGGCAAACGCGGTTTCTCAGTCGGCGTCAATCCCAACGATCTGCTCAAGGTGCTCGACGCGGTAGCGGCGCCGATCGGCACTTGG, hypothetical protein BAD_1080 [Bifidobacterium adolescentis ATCC 15703], 13054, 13569, 1, 1.2328, 
pool1_scaffold42_1, pool1_scaffold42_1-5, , GGCAAACGCATCGTGCTGGCGGATCCGCGCGGATTCTGCGCCGGCGTGGATAGGGCGATTCTGACGGTGCGGACGATTCTCAAATCCGCCGATACGCCACGTGCCGACGGATTGCCGCCGGTGTATGTGCGCCGCCAGATCGTGCACAACAAGCATGTCGTCGAGGATTTGGCCGCGCAGGGCGCGGTGTTCGTGCAGGAATTGGCTGAGATTCCCGATGCCGCCGCCGAAGCCGGCATCCCAATCGTATTTTCCGCCCACGGCGTGTCTCCGGCGGTCAAAGCCGAGGCCGCGGCGCGCGGCATGCATGTGGTCGATGCCACTTGCCCGCTGGTAAGCAAAGTGCATCGCGAGGTGCTGCGTTTTGTCAAGGAAGGTTACGAGATCATCTACATTGGGCATAAAGGCCACGATGAGGCTGTTGGCGTGGTGGAGGAGGCGCCGGAGCATGTGCATTTGATCGAGCATGCGTCCGACGTCGACTCGTTGGATTTCCAACCTGACACGAAACTGGTGCTGCTTACGCAGACCACGTTGAGCGTCGATGAGACCGCTGGCACGATCACCGCGCTCAAAGCTCGTTTCCCATGGCTTGGAATGCCGCCGAACTCCGATATCTGCTATGCCACGTCGAATCGTCAGGCGGCGGTCAAGCTCGTTGCCGAGCAAGCCGATTGCGTGGTGATTGTCGGCTCCGCGAATTCCTCGAATTCCGTGCGGTTGATGGAAGTCGCTCAGGAGGGACTTAACGCGCGGTACGCCTCAAAAACGGCTGTTGGCGCCGCTGGTCGCGCCCATCGTGTTGATGATGCTTCGGAACTTGACCCCGCATGGTTTGAAGGTGTCGAATCCGTGGGTATTTCCTCGGGTGCCTCCGTGCCGGACGAGCTGGTTTCCGGCGTGGTCGCAGCGTTGCAAGAACTTGGCTACCAGGATGTGAGCACCATCGAAACCATCAAGGAGAACATGCATTTCGTGCTTCCTGCGGAACTGCGCAAA, 4-hydroxy-3-methylbut-2-enyl diphosphate reductase [Bifidobacterium adolescentis], 13662, 14666, -1, 1.27806, 
pool1_scaffold42_1, pool1_scaffold42_1-6, , ACCTGCACCAATCTGCCGCCACGCACCGGACAGCAATTTTCCATTTCGCATGGCGATTACCATGCCGTCGTCACCGAGTTGGGCGCGACGCTGCGCAAACTGACCTACCAAGGCGAGGACATCATCGTCTCCCCCGGTCCGGATGACATGGTGACCTGCTGCCACGGCCAGCTGCTCATCCCGTTCCCGAACCGCATCGAGAATGGCGAATACACCTTCGAAGGCAAGACCTACACGCTGCCGATCGACGAGCATGAGCGCCACAACGCCATCCACGGCTACGGCAAGCGCGCGTTCTGGAAGCTTGTCTCCCTTAAAGAGGATGCCGTGACCCTCAGCTGGCGCGCCCCCAACATGGAGGGATATCCGTTCGACATCGTGGTGACCGCGACGTACAGCCTCGCCGACGATGGCCTGCATCTGAACATCAGCGCCTACAACAACGGCGATGCGGACGCACCGTGGGCCTTGGCCATCCACCCGTGGCTCGCCAACGGCTTCAACGGATACGGCGATGAGATCGACGCCCACAACGCCAAGTGCAGCCTGACCGTGCCGGGGCGCACGCATGTCACCGTCAACGAGAACCTCATTCCGACCGGCACCGAGCCGGTGGACGGCACCAAGTACGACCTGCGTAAGGACACGCTGCTCACCGAGCAGCCGTTCGACGACGCTTGGACGGATCTGGAGCATGCCGAAGACGGCACCGTCACCGCGGTGTTCACCCGTCCGGACGGCAAGAAGGTGCGTGTGGGCGGCGACGAGACCGTCACCTCGTTCCAGGTGTGCACCGGCACCGGTTTCCCGGCCATCAAGCATCCGGCCGGCGTGGCGGTGGAACCGCAGACGGCATACGCGAACGCGTTCAACACCGGCAAGGACCTCATCGTCATCAAGCCGGGCGAGACGTCAAGCACGGCGCTGTTCATCGGGATGCTCGAC, hypothetical protein BAD_1082 [Bifidobacterium adolescentis ATCC 15703], 14853, 15803, 1, 1.23309, 
pool1_scaffold42_1, pool1_scaffold42_1-7, , GAACGGCACATCTCCATTACTTCGACCACCACCAACACGAACGGTGTGGTGACGCAGGTGACGCATGCCAGCGTGCATGTCGTGGCTTCCGGGGACTGCTTCGACCCGGAGACCTGTTGCGATGAACGCGAACGTGCGCTGATCGCAGCGATGCGCGCGTACCTGCGGCCGAAACACGCGCCGCAAAGCCTGATCGACAGGCTTGAGGCGACACTTGACCACTGTTGTGACGAG, hypothetical protein BAD_1083 [Bifidobacterium adolescentis ATCC 15703], 16150, 16389, -1, 1.30041, 
pool1_scaffold42_1, pool1_scaffold42_1-8, , GCAGGCCGGCGCGCGCGGTTTGAGAAGCTTGCCATGCCCGTCGTGGACTCGCTGTACCGGCAGGCGATGAAACTGACCAACAATCCCGACGACGCGCAGGATCTGGTGCAGGACACCTTCGAACGTGGATTCAAGGCGTTCGACTCCTTCAAAGAAGGAACGAATTTCGCGGCTTGGATGACCACCATCGAACGCAACGCCTATTTCAACCAGTACGCCAAAGCCAAGCGACGGCCGCAACGCGCCAACGATTCCACCGGCGAATACGACGACTGGGACCTGTATTCCGCGTCCGAGCATTCCTCCGAACAGCTCAAATCCGCCGAACAGGAATACTTGGACGCCTACGCGCCGGAGGAGATCATGGCCGCTTTGAACCGGCTTTCCCCGGAACGCAGGCAGGTTTTCATCGACGCCGCGATCGACGGCAAATCATACAGCCAGGTAGCTGAGGAACAAGGCGTGAAAATCGGCACCGTGATGAGCCGGCTCAACCGCGCCCGCACACAGCTGAAACGTGAGCTTGCCAATTACGCCAAGGAACGTGGCTATGCCACTGCCGGGAAGGATCGACCA, RNA polymerase sigma factor RpoE [Bifidobacterium adolescentis ATCC 15703], 16398, 16979, -1, 1.26541, 
pool1_scaffold42_1, pool1_scaffold42_1-9, , GCTTTGACTCTGGAATCGGCGGCCCGACTGCTCGATAGGCACGGACTGCTGCGCGAAATCATCCGCGGCGATGTCTGGACGCTTGATCCGCACGACATCAAGGGATTCGACGAGCCGTTCTCCGCAATCACCTACGACACCCGCAAGGTGGAGCCGGGCACGTTCCTGTGCTGCAAGGGCCGTTTCAAGGCCGAATATCTGCAGGGCATCGACGAACGCGGCCTTGCCGCCTATGTGTCGGAGAACGACTTCTCCGACGCCACGCAAGCTCCGGGCCTTATTGTGGATGACGTGCGCAAGGCCATGGCTTTGCTATCGGCTGAATTCTATGGTCGTCCGCAGGACCAGTTGAAGGTGGTCGGCATCACCGGCACCAAAGGCAAGACCACCACCGCCTATCTCACGCAGGCGATGCTCAACGGCTGTTCCGGCGGCAAGTGCGCGCTGTTTTCCTCCGTGGACAATTGTCTTGACGGCCACACCTACGTGGAATCCGATCTGACCACGCCGGAATCCATGGATGCGTTCCGCATGATGCGCGAGGCCGTTGATAACGGCATGGAATATCTCGTCATGGAGGTCTCCTCGCAGGCCTACAAGGTGGACCGCGTGTTCGGTCTCACATTCGACGTGGCCGCGTTCCTCAACATCAGCCCGGACCATATCAGCCCGATCGAGCATCCGACATTCGAGGATTATCTCCACTGCAAGCGTCAGATCGTCAAGAACTGCCGTGCCCTCGTATTGGGTGCCGATTGCGCGCGCGCCGACCTCATCCGGCAGGACGCACGTCATGCCAGCGTTCCCGTCACCACGTTCGCGCTTGGCGGCGATTCCACGGCAGACGTCATGGCCGCGCCGGCGAATGACGATCACAGCCGCTTCTCCATCGTCATCGACGGCACCTCGATCGGCGAGTTGAGCCTGACATTGGACGGCGATTTCAACTATGCGAACGCGGCGGCGGCCGTCGCGATCGCCCATGCGGCCGGTTTCGATTTCGGTTCCGCACAGGCCAAGGACGCGTTGCGTGAGATGGAGCCGGTACGCATCGCCGGACGTATGGAGCATTTCAAGGACACGCGGTCGAACACCATCGCCATTGTTGATTACGCGCATAACTACGCGTCCGTCACCGCGTTGCTTGACTACGTCGATCAGCGTTACGGCAGCGAAAAGCCGGAAATCACGCTCATCACCGGCTCCGCTGGAAACAAGGCATACGATCGCCGCGCCGAAATCGTCCACGCCGCGCAGGACCGCATCGACCATCTCGTGCTCACTTTCGAAGACACCGACGACGAGCCTGTGGAACAGGTCTGCGCGGACATGAACGACAGCGTCACCAACCCGCAGCTTGACGTGAAGACCATTCTCGACCGTGCCGAAGCCGTGGAGACCACGGTAAGCCACGATCGCAAGGATCCCGAGCATCTGCACATCATCCTCATCATCGGCAAAGGCAACGAACGTTGGTTCAAAGACCACGGCAAGCACATCCCTTACGAGGGCGACGACCGCATCGTGGAACGCGTGTTCCGTCTCAAA, uDP-N-acetylmuramoyl-L-alanyl-D-glutamate--2 6-diaminopimelate ligase [Bifidobacterium adolescentis CAG:119], 17110, 18663, 1, 1.25719, 
