CM-10,JC102,CCTGAATTCGCCAGCTTCAATAATGATTTTATTTTGACTGATAGTGACCTGTTCGTTGCAACAAATTGATAAGCAATGCTTTCTTATAATGCCAACTTTGTACAAGAAAGCTGGGTCACCCGCGCCGTTACCGACAAAGGTTATCGAGCTTTCGGAGGAGGATTGGGTAAGGCAGTTCGGTCAAGGCCTTCAAGAGAGCCGCGTGAGGCAACTACAGCGCATCGCAAGGAAATAAGCTCACCCAAAAAAGCGCATGTCAATTAGCGAATGTTAATGATGCATTGTTTTCGTTGCGATCTTTCTGCATGTGGCATTACGCAATGACCGTTGACAAGTGCCACACCGCCATGCTACCTATAAACCACATTGAAGGGAAAGGGGTTGATATGACAGAGAGATTAAGCACGGCACCACCATAGAACGCAAGACCTCGCGTGTGACAATCGTTCACCGCAACCGGCCACGGGCCACCGGGGGGGGGATCACCCGACACCCGCCCCCGCCCCCGGCCTGAAGGAGGTGGATCCAGCCTGCTTTTTTGTACAAAGTTGGCATTATAAAAAAGCATTGCTCATCAATTTGTTGCAACGAACAGGTCACTATCAGTCAAATAATATCATTATTTGAGATCTGAATTCACTGGCCGTCGTTATACAACATCGTGACTGGAAAAAACCT
CM-123,JC102,TCGGGACCCACGCCCAGACTTCAATAATGGAGTTTATTTTGACTGATAGTGACCTGGTCGTTGCAACAAATTGATAAGCAATGCTTTCTTATAATGCCAACTTTGTACAAGAAAGCTGGGTCACCTCGGCAATCTACCTCCCCTCACCCGTCATACGCTGCAAGTCGCCGACTACACCCGGAAGGGCGGCGGCAGTTGACCGTAGCCGTCCGCAGCGCGCCAGAACTCATGGGCTCCTCCGAGCCGCGCATCGCCCCGCCGATCCCGGTCGCCTCGCTGTCCAAGGAGTTCGAGGTCGAAGCCCTGGCCGCTGGCATCAAGCTGCTGCCCTGGCAGAGCATCGCATCCCGCTACATCACCGCCACCGCTGGCGACCACTGGGCCTACTCCGAGGTCTCGATCGTCGTCGCCCGCCAGAACGGCAAGACCAAGCTGCTCGTGCCGCACGTCCTCCAGCGGTTGGGGATGGGCCGCAAGATCCTGCACACCGCCCAGAACCGGACCCTTCCGCGCCAGGTGTTCATGGAGGTCGCTCGGGCTCTTGATCCGAGTCGGGTGTTCAACATCCGCTTCGCCAACGGGCAAGAGGAGATCAGGCTCAAGAACGGCGGCAGCTACATGATCGTTGCTCCCCAGCGGGGAGCTCGTGGCCTGTCGGCCGACGACCTGATCATCGACGAGGTGCGCGAGTTCGAGGACTTCGACATCCTCGCCGCGGCTACCCCGACGCTCACCGCCTCACCGAACCCCCAGACCTTGTTCCTGTCCACGCCGGGTCGGATGAATTCGGTCATCCTCAACGACCTCAAGCGCCGCGGCGAGGATCCCGAGCCCGACGCTGGCCTACCTTGGAGTGGACTCCAGTGAGATTTGTCCGATGTACGGA
CM-129,JC102,CGGTGAATTTCGGCCCAAGCTTCAATAATGATTTTATTTTGACTGATAGTGACCTGTTCGTTGCAACAAATTGATAAGCAATGCTTTCTTATAATGCCAACTTTGTACAAGAAAGCTGGGTCACGCCTATTATCCTTGTCATTTATGTTGACCTCCCTAAGCCCCATTGTTAGAAGACCAATCCGCAGAAGAAGTTAACTCCACTTCCTCGCCAATTCTCATGGAGCAATACGGTTCTTACGAAGTTATTAAGGAACTCAGTGCGGCTCAAGGTTTCGTGGTTTATCTGGCTCGAGCCAAATCGGGCGGTATTGCCGCCGCCGAGGGCTTTGTCGTCAAGGCATTCTCTTCGGGTGACTTTATCGGCGGTGGCACTCAGCTCTGGCGTCGGGGCGAATTTAAATCGGTTCCACTCAAACCCCGAGTTTATGCCGATCCGGAAGCATTTCTCAATGCAGTCAGGAAGCAGCAAAGGGCAAGTTCTCAAGGGTCGCCCTACATCGCGCCCGTAGTTGGATCCGGGCGGGATGAACGCGGCGCCTGGTACGCCACCAGATTTTACCCGCATTCGATTAAAAACATTATCGAAGGCCGGGTCAGTTTGACCCGGGATGTTTTCTTCCATGTGATTCGCTCGATTACGAGGGGGCTGCTGGTTTTAAGATGATTTCGGGCCAGTCGCACGGCAATCTCAAACCTGGGAACGTTCAGATTGCGGGCGAGAAACAGATCCTGCAGGCTGAAATCGTTCTTGTCCAT
CM-129,M13R,CCATTAGACGTTGTAAACGACGGCCAGTGAATTCAGATCTCAAATAATGATTTTATTTTGACTGATAGTGACCTGTTCGTTGCAACAAATTGATGAGCAATGCTTTTTTATAATGCCAACTTTGTACAAAAAAGCAGGCTGGATCCACAGCCTGATGGGATAAGCGCTTTCGATAACTCGGATAGAACCGTCGTTTTGCCGGTTCCCGCCAGTCCTCGAATACCGGTGCACGTATCAAGGGTTTTCAGAATGTGGTCGATTGCCTGGCGTTGGTCCTTGCCAAGTTTTTCCGAAGGAATGTATTCTGAATTGAGCGGTTCGGACTTTTGCTTTCCTGCGTTCATGAAGTCGATCAAGTACTTTTCGGTTTTCAGGATTTCGCGGGTGGATATTTCTTGCCCATTACCCAGTCGCAACAAATCGGGAAAGAATTCTATTTCGGATTTGAGCCGGTTCAAATCCACCTGTCCTCTTCCGTGAATTAGGGACGTGCTTAAGAGTTCGTGCTCTGGGACGACGGAATTGCGTTCTATCAGATGCTCCTCCGCAAATTTCACAGCTTCGGATTCACTGAATTATCACAGGCAACCTCTCTACTGCTTGTCGGAGGAATGATGCTCAAGAGTGTCGCTC
<<<<<<< HEAD
=======
CM-130,JC102,GGCAGATCTTTCTCCCTGGGGCCTGATTCGCCAGCTTCAATAATGATTTTATTTTGACTGATAGTGACCTGTTCGTTGCAACAAATTGATAAGCAATGCTTTCTTATAATGCCAACTTTGTACAAGAAAGCTGGGTCACGGGCCGTGCCAGGCCCATGCGCCGAACCGTCAGCGCCGTCACGCCGATGTCGAGTGCCAGGAGCGAACCGGCGGCATGCCGCGCTTTACCGTCCACGGCTCGTTCGACCGGCAGCATCCACGGCGACGTGGCTTTCTCCGCGAGACCGACCCCGTACAGCTCGTGGCGGCGCGGCAGCGTGGCACTGAGCGCGAGCGGACTCTCGGGATCCTCGATCGCGACGGCGTAGACCAGGCTCACGAGCGCATCGGCCGCGACGACATCCGCCGCGGACAACACAGCCTGCATCGACCGTTCGGTCCGGCGACGGTCATTGGGGCGAACGTCGCGCAACGCACTGGCCGTGTCCCGTGGCAGGTCCCGCAACGTCTGGCCGGTGAAGGACACGCCCGTCCACCACACCGGGCCCACATCGGTAGACTGCGCCACGATCGCGTCAAGCGACTGCATCAGCGCGTCGAGCCGACCGGCCGCGACCGCCTCGGCGAGGCTGTCGGCGATGCGCAGCAGGTCCATGGCCGTCGCCAGTGAGTTGCTAGTGAACTTTTGGCGGACGGCCCGGATCCGTGCCTCCTCGGTGGCGGCCGGATCGATACGATAGGGCAAGCCCTCCCACTCGACTACT
CM-15,JC102,CCTGGCATTAACGCCAAGGCTTCAATAATGATTTTATTTTGACTGATAGTGACCTGTTCGTTGCAACAAATTGATAAGCAATGCTTTCTTATAATGCCAACTTTGTACAAGAAAGCTGGGTCACGCTGATGCGGGCTGAGACCTGGTTCTCTGCCGATGAGACGGTGGCTCACGGCCTGGCTGATGAGGTGGCCGGCCGTGAGGCGAAGACCAGCAATGATTTTGATCTCTCGATTTTCTCCTATGCCGGGCGGGACCATGCCCCGGCACCTGTGGTCGAAGACAAGCAGGAAACGCCAGAAGAACTCCCGGCTGCGGGCGTCGACTGGGCACCATTCATCGATGTCCTGAAAGGGGCTTTTGCATGACCGTTACAGCCAAGCCTGATGCCAGGGAGTTCGAGGCGCAGATGCAGGACCCGACTCGGCTCACTGATATGAATCAGAACAGGAAGATCCCCCCCCCCCTCTTTAGGGCCACAC
>>>>>>> 0f2f2568ad0beb194f1d7fba4595dcbbada0fe08
CM-18,JC102,CCCTTAATTTCCCCAAGCTTCAATAATGATTTTATTTTGACTGATAGTGACCTGTTCGTTGCAACAAATTGATAAGCAATGCTTTCTTATAATGCCAACTTTGTACAAGAAAGCTGGGTCACGTACGGTGCAACAGCTGGCTCCACAGTTAAAGCTGAACCCCCAGCGGATTTATCTCAGCGCTCGCGGCCAGGGTGCGCTGCACGCCGCCAATCTGATCGCGAAGTACCCGCAGTTTTACGCCGGCGCGCTATTGATCGCCCCCAACGGCGAGATCAAGCCGGCCCAGCAGTCGCTGGCGGCGAAAAAGAAAATCGTGATGGCGTATTACGATCGGCAGAACTTCAGCGAGCAGGCGCTGGCATTGCACTTCGCCAATCTGTTCGGAGAGGATAATCAGGTGCAGACGCTGCACTTCGCCCAAGGGGAGGATGCCGCCGGCAGTTGGCAGGCGCGCTTCAGGCGGCCATTGCAATGGGTGCTGGATCGGGCGCCGGATGCGACGCCGGGAGTCTAGGGTTTCAG
CM-2,JC102,CGGGGAATACCCCCAAGCTTTCAATAATGATTTTATTTTGACTGATAGTGACCTGTTCGTTGCAACAAATTGATAAGCAATGCTTTCTTATAATGCCAACTTTGTACAAGAAAGCTGGGTCACCTTGTCGATGCGCGGCTTGTACGCCGGATCCTCCGCGGCGGCGAGGGCGCTGACCGCGATGGCGGTGTTGTAGTTGGCGAGCGTGTCCTTGTAGATGCCGCCGTCGTCGAGTTGATACGTGAGCAGCTTGTCGTAGCCGCGTTTGACGAAGTCGGTTTTCGCGTCGTACTTGTCATCCTGCACGAACGCTTTGAGCACGATCGCCGTCATGGCCGGCGGGTCTTTTTCGTTCTGCCAGGAGCCGTCGGGTTTCTGCTGAGTCTTGAGGTACGCGAGGCCGCTGTCGATGAGCTTCTGGGCGCGAGCGCTCGGGTCGCCCTTTGCGGATGCGGGAAGCACCGGGTTTACGCAGATAGCTGCGATCAGGGCGACTCAATCGCGCGAAACCGGTTCATA
CM-31,JC102,CATCATTCGCCAGCTTCAATAATGATTTTATTTTGACTGATAGTGACCTGTTCGTTGCAACAAATTGATAAGCAATGCTTTCTTATAATGCCAACTTTGTACAAGAAAGCTGGGTCACGCGTATTACCACACCGAGCAGCAGCAGATCGTCGATAACCCCGATCAGCGTATCGCTGAAGATCTCAACGTGCTGACCCAATATACCCTGTCGCTGTCGCTCGGGCTGCTCTCCAGCCTGGTGACGCTGTTTTCCTTTATCGACATTTTATGGCATGTCAGCGGGCCGATGACCTTCGCGCTCGGGCAACACGCCATCACCTTGCCCGGCTATATGGTGTGGTTC
CM-64,JC102,CAATGCATTTCGCCAGCTTCAATAATGATTTTATTTTGACTGATAGTGACCTGTTCGTTGCAACAAATTGATAAGCAATGCTTTCTTATAATGCCAACTTTGTACAAGAAAGCTGGGTCACCTGGGCGCGGCGCATTTCGAGCGGGTGCGCAGCTATGTCGACCTGGCCGATCACTACTTGTGCGAATTGATCGCGCAGGCGCAGGTCGAAGGCGCGTTCGAGGGATTGGCGATCGACGATGCCCTCAGCCTGATCAACCAGATGGTCGTGCCTTACACGATGGCCGAAATCCTGACCTACATGGACCACCGGCTTAGCGAAGAGAAGCTCGGCCGGATCGTCGACACTCTGTTCGCGGGGCTTTCCTCGGCGGAAGGCGGCGCGCGGGGCGTGACCGGGTTGCGCGCGGCCTAGCCGCCCAGCATCGTCACCCGGCCCGTCGTCGGCACCTGCACCACCGGCGCGGTGCGCAAGTAGGCTTCCATCGTTTCGAGATCGAGCGGCCCAACCGTCGGGT
CM-69,JC102,AGGGAAATTCGCCCAAGCTTCAAATAATGATTTTATTTTGACTGATAGTGACCTGTTCGTTGCAACAAATTGATAAGCAATGCTTTCTTATAATGCCAACTTTGTACAAGAAAGCTGGGTCACCTTCACCAAGGACGTCGGCGTGAAGCAGATCCAGGGCGTGCCGATCCTCTTCGCGTACAACATGCGCGCCGACATGCCCGAGGACGTGGTCTACAAGATGCTGAGCGCCTTCTACAAGAACCGCGACGCGCTTGCCAAGGCGGACCCGGGCTTCGCCCCCATGGCGAAGGACTTCGTCGGCATGCAGGTGGGGGGCATCAACGCCAATCCGCAGGTGCCGGTGCATGCGGGGCTCGCCAGGTTCCTCAAGGAGCACAAGGCCTGGAACGACAAGTGGCAAGTGGCCAAGTGACGCGCTAGCCGGGGCGCCTGGATGAATCCTTCGTTCAGGCGCTTCGTCTCCCTCGCCAACGTCATCTACCTGCTGTCGCTGGTCCAGCTCGTCTGGCTGGTCTGGTACTTCTATACCGGCCGCGGCGGCCCGAGCGAGCTCGCCTGCTACCTGGTGCCGGTGGCGCTGGTGCTGCAGATCCTCTTCCACTACCGCGAGCAGAAGCTCTACCCGGCGCTGCCGGCGTGGGCGAACCACGCGCTGGTGGCGCTCTACGTGGCGATCTGCATCTACGCCTTCGCCTATTTCGTCGTCCACTACGAGCAGATCGCCATCTACCGGCAGGGCTCGTACACGCGCCACGACTTCATCGTCGGGCTCGGGATGTTCCTGCTGGTGATGGAGCTTTCGCGGCTGCTCCACCCCAAGGCTCTTCTGGGTGACGTGGTGCTGCTCACCTACCGATGGTACCGCTACCTGACCCCGAGTGGATTTCTTCTGGTTTTCGGTCCCGACTCTCCCCAAAC
