pool1_scaffold258_1, pool1_scaffold258_1-1, , ACTTTGTACAAAAAAGCAGGCTGGATCCCACAGCTGCCTTCCAATGCCAAGGCAGGTTATGTAATCCGCCGTATCCTCCGCCGCGCCGTTCGCTACGGATATACTTTCCTCGGACAGAAACAGTCATTCATGTACAAGCTGCTTCCGGTGTTGATCGACAACATGGGAGACGCTTATCCGGAACTGATCGCACAGAAAGGTCTGATCGAAAAAGTAATCAAGGAAGAAGAAGAAGCCTTCCTTCGCACGCTGGAAACAGGTATCCGTCTGCTGGATAAAACAATGGGAGATACAAAGGCCGCCGGAAAGACAGAAATCAGCGGTAAAGATGCCTTTACCTTATATGATACTTTCGGTTTTCCGTTAGACCTGACAGAACTGATTCTTCGCGAAAACGGAATGACAGTCAACATCGAAGAGTTCAACGCGGAAATGCAACAGCAGAAACAGCGTGCACGTAACGCTGCCGCCATCGAAACCGGTGACTGGGTGACTCTGAGAGAAGGAACAACCGAATTCGTAGGTTACGACTATACTGAATACGAAGCATCTATTCTCCGCTATCGTCAGATCAAGCAGAAAAACCAGACACTGTATCAGATCGTACTTGACTGTACTCCGTTCTATGCAGAAAGCGGTGGTCAGGTAGGCGACACCGGTGTATTGGTCAGCGAATTCGAGACCATCGAAGTGATTGACACCAAGAAAGAGAACAATCTACCGATACATATTACCAAAAAGTTGCCGGAACATCCGGAAGCTCCGATGATGGCTTGTGTAGACACCGACAAACGGGCAGCCTGCGCAGCCAATCACTCGGCAACTCACCTGCTGGACTCTGCCCTGCGTGAAGTACTGGGCGAGCATATCGAACAGAAAGGTTCGTTAGTAACACCGGATTCACTGCGTTTCGACTTCTCTCACTTCCAGAAGGTGACCGACGAAGAAATCCGCCAGGTAGAACACCTGGTGAATGCCAAGATTCGTGCCAACATACCTTTGAAGGAATACCGCAACATTCCTATCGAAGAAGCGAAAGAGCTAGGAGCTATCGCCCTCTTCGGTGAAAAGTACGGTGAAAGAGTACGTGTCATCCAGTTCGGTTCTTCTATCGAATTCTGTGGAGGTATCCACGTAGCCGCAACCGGAAATATCGGTATGGTGAAGATCATTTCCGAAAGCTCTGTTGCAGCCGGTGTACGCCGTATCGAAGCATATACGGGAGCCCGTGTGGAAGAAATGCTGGATACCATTCAGGATACGATCAGTGAATTGAAATCGCTCTTCAACAACGCACCCGACTTGGGTATTGCCATCCGCAAGTATATTGAGGAAAACGCAGGACTGAAAAAGCAGGTAGAAGACTACATGAAAGAGAAAGAAGCCTCGCTGAAAGAAAGACTGCTGAAGAATATACAGGAAATTCACGGTATCAAGGTAATCAAGTTCTGTGCTCCGTTGCCGGCGGAAGTGGTGAAGAATATCGCCTTCCAGCTTCGCGGTGAAATCACAGAAAACCTGTTCTTTGTGGCCGGAAGCCTCGACAACGGCAAGCCTATGCTGACCGTCATGCTAAGTGACAATCTGGTGGCCGGTGGCTTGAAAGCAGGCAACCTGGTGAAAGAAGCAGCCAAACTGATTCAAGGCGGCGGAGGCGGTCAACCTCATTTCGCTACTGCCGGAGGCAAGAATACAGACGGACTGAATGCCGCTATCGAAAAGGTACTGGAACTCGCAGGTATC, alanyl-tRNA synthetase [Bacteroides thetaiotaomicron VPI-5482], 1, 1746, +1, 1.318140
pool1_scaffold258_1, pool1_scaffold258_1-10, , AATATGAAATATATAACTTCGGGTTTGTTCGCTGCCATGATTGTGAGCAGTACTGCATTCTTGACCTCTTGTGCTGATGATCTTGAGGTCGGAAAGAATATTGATGAGTCGGCCTACAGTGGCATTTATGAAAATAATGCATATCTGCGTGATGGAAAGTCGAACTTAGTTTCTAAGGTTGTCGAATTGCACGGTGAGACTTATGCTACTACAGTAAAAATGGGGTTGAGCAAGACACCTAATACAGCTACATCGGCAAAAGTGAAAATTGATGCTGCTTATTTGGAAACGTATAATAAGGCGCATAATACAGATTTTGCATTGTATCCGCAGGACTTGGTTACCTTTGCTAACGAAGGAATACTTACAGTGAACGCTAATACTAAATCAGCGGAGGTAGAGATGACTATTCGGGCAGGAGAAGGTCTGCAGGAAGATAAAACATATGCTATTCCGGTAGCTATCAGTGATCAGAGTAGTGATATCACTATTAAAGATGAAGATGCGAAACATTGTATTTATCTGGTGAAAGATATGCGAAATGCCGGTGATGCATATAAAGGAGAAGGTGTAATGCAAGGTTATTTGTTCTTTGAAGTAAATGACGTAAATCCGCTGAATACTCTTTCTTTCCAATTAGAGAATGGAAAACTTCTTTGGGATGTTGTTGTACTGTTTGCTGCTAATATCAACTATGATGCTGAAGCAGGACGTCCTCGTGTACAATGTAACCCGAATGTACAGTATCTGTTGGATAATAATGAAACTCTTCTTCAGCCACTGCGTAGACGTGGTGTGAAAGTATTGTTAGGACTGCTTGGTAACCATGACATTACAGGCTTGGCACAGCTTTCCGAACAAGGTGCTAAAGACTTTGCCCGCGAAGTTGCTCAGTATTGTAAGGCATATAACTTGGATGGAGTAAATTATGACGATGAGTATTCAAACAGTCCTGATTTGAGCAATCCGTCTCTTACTAATCCAAGTACGGCTGCTGCAGCTCGTCTGTGTTATGAAACCAAACAGGCAATGCCGGATAAACTGGTTACTGTATTTGATTGGGGACAGATGTATGGTGTAGCTACTGTCGACGGGGTAGATGCAAAAGAATGGATAGATATTGTGGTAGCCAACTATGGTAGTGCTGCATATCCTATCGGACAAATGACAAAGAAACAATGCTCCGGTATTTCAATGGAATTCAACTTAGGTGGTGGCGGTAGTTTATCTGCCTCTAAAGCTCAAAGTATGATAGATGGAGGGTATGGATGGTTTATGGGATTTGCTCCAAGTCCGGCTAAATATGGTAGTGTTTTCAGCCGTCTTCAAGGTGGTGGCGAAGTATTGTACGGGTCCAATGTAGCAGCACCGACTATATTCTACAAGAAGAATGATCCGACGCCATATAAATATCCGGATGATCTT, endo-beta-N-acetylglucosaminidase F1 [Bacteroides thetaiotaomicron VPI-5482], 12777, 14207, -3, 1.314567
pool1_scaffold258_1, pool1_scaffold258_1-11, , AAACTCTATAAATATTGTTTTGCGCTTTTGGCTCTTACAACAGTCACAGTGAGTGGTTGTAAGAATGAAGATATCAATGAAGAGCATCATTATGACAATAAACTCTATGTTAGCTCGGCTCCTGTTTGTGATGATTTGCTGATTAAGCCCAGTATAACTGAGGCTACCCGTGAACTTAGCTATCGTATAGCATCGCCGGCAGAACAAGATATTCAAATAAGCTTTGATGCGGCTCCCGCTATGACAGCAGCATATAATTTGATTTACAATGATAACGCAACTGCACTGGATTCATATTTTTATAATATGCCAACAAAAACTGCTACTATTAAGGCAGGGGATATTTCCAGTGATAATATTGTGATTGACTTTAAGAATACCAACGAATTGGATAAGTCAAAACGATATGTATTGCCCGTCACCATTCTAGATGCATCCAATATTGATGTACTCGAAAGTGCCCGTACTGCTTATTTCATATTTAAGGGTGCTGCCCTTATTAATGTAGTGGCAAATATCAAAGAAATCTATTTCCCAATTAACTGGAAGAGCAGTGTGAATAGTCTTTCTACTGTTACTATTGAAGCTTTGGTTCGTAGTGAAGACTGGGTAGCAGGACGTGATAATGCCCTGAGTTCTGTTTTCGGTATTGAAGGTAAATTCCTTGTACGTATTGGTGATGCTGACCGTCCACGTGATCAAGTTCAGGTAGTAGCTCCCGGTGGTAATTTCCCAGGTCCGAATGTTGTTCCGGGTTTACCGGTTAATGAGTGGGTACACATTGCCATTGTTTATGATAATACAACAAAAGAACGAATCTATTATAAAGATGGTGTGCCTGTTTATAAAGACGAAGCAGCTTCAGGTAATGTATCTTTGAGCAGTGGTTGTTATATTGGTCGCGCTTGGGATGATACTCGTTGGTTGCCGGGAGATATTTCAGAAGTCCGCGTGTGGTCAGTGCAAAGAACGGCAGAGCAAATTGCCACTAATCCTTATGAAGTAGATCCTGCCAGTGAAGGACTGGTTGCTTACTGGAAGTTTAATGAAGGTGCTGGAAATGTTATTACCGACCAGACTGGACATGGTAATGATATTACAGGTTCGGGCGATCCTACTTGGGTAAAAGTAGAGATTCCTAAGATAAAT, patatin-like protein [Bacteroides thetaiotaomicron VPI-5482], 14241, 15395, -3, 1.307331
pool1_scaffold258_1, pool1_scaffold258_1-12, , AAAAATAACCTGAAATATAGATTGTCTGCTCTGCTGTTTCTGGCATCAGCTCTGACAATAACTTCATGTAGTGATTGGACAGATGTGGAAAGTCTCCAATTGAATACTCCTACATTTGAAGAGCAGAATCCTCAGTTGTATGCTGACTATCTGAAGGATTTGAACAGATATAAGTCTGAAGAACATAAGGTCACTTTTGTTTCTTTCGAGAACCCTAAGGGATCTCCCGGCAAGCAGGCTGAACGTCTGACCGTCGTACCTGACAGCGTTGATTTCATTTGTCTGAATAATCCGGAAGTAAGTCCCGAAGTACAGGCAGAAATGGTCAAAATACGCGAGAAAGGAACTCGTACGGTTTACAGTATTGATTATTCCAGCATTGAAAATGCCTGGAAGGAGAAAGTAAAAGCCGAACCGGAGTTGACAGAAGAGGATGCTCTTCAGTATATCGGTGAACGCACCAATGAGATGTTGGCACTCTGTGACAAATATAACTTTGATGGTGTTATTGCTGATTATACGGGGCGTTCGCTGGTGAGCCTTCCGGAGGCAGCTCTGAAAGAATATAATGACCGTCAACAGAAGTTTTTTTGCGAGGTGATGAACTGGCAAGGCAATCATGATGACAAGACTCTGGTATTCTACGGAAATGTACAATATTTAGTGCCGGAGAATATGGATATGTTAAGCAAGTTTGACTACATCATGTTGAAAACTGCTTCTTCTACCAATGCTGATGATCTTGCTTTAAAAGCATATTTGGCTATTCAGGCGGGTATAGATGCAGTAGGCGGTACAGAAGAAGGAGTGAATCCTGTTCCTGCTGATCGTTTTATCGTTTGTGTCGAATTGCCGCAGGCTGACGATAAGGATAAAGTGAAGGGTTACTGGAGTACAGTGGATGAAAAAGGCAATAAACTAGTAGCAGCTCCGGGAGCAGCCCAGTGGATGGTTGAAGCATCTCCTAATTACACCCGGAAAGGAATCTTTATTATGAATGTCCATAATGATTATTATAACAATACTTATGGATATGTGCGTGAAGTTATTCGTATTATGAATCCTAATAAA, hypothetical protein BT_3985 [Bacteroides thetaiotaomicron VPI-5482], 15404, 16480, -2, 1.314094
pool1_scaffold258_1, pool1_scaffold258_1-13, , AAAAATATAATAAATAAATTAGTATTTGGATCTCTTACCGTTGCCTTGTCCTCGTGTATCGGTAACTATGAGAATATCAATTCCAACCCATATGAAGCTCCTGATTTGTCAGCGGATGGATATGCTTTGGGATCTGCCATGAATAACCTGGCCGGTTGCGTGGTATCACCGGATGTAAATACAGCTCAGTTCACAGACTGCTTGTTGGGCGGACCTTTAGGCGGATATTTTGCCGATTCTAATGCCGGTTTTACAGAAACCATTTCAAACTTCAATCCGAAAGACGACTGGAGCCGTGTGTTTCTGAAAAGTGATAAGATTATTCCGACATTATATTCTAATCTGACCCAAGTGAAACTTGTATCACAAAATACGAATGATCCGGTTCCTTATGCCATTGCACAAGTGATAAAGGTGGCAGCTATGCATCGTGTAACTGATGCTTTCGGTCCGATACCTTATTCTCAGATAGGTGCGAATGGCGAAATTGCTACTCCTTATGATTCTCAGGAAGTGACATATAATACATTCTTCGATGAGTTGAATGCAGCTATTGCCACACTCAATGAGAATTCTAACGAACAGCTCGTTCCTACAGCCGACTATATATATAAAGGTGATGTAAAGAAGTGGATCAGATTTGCCAACTCACTGAAGTTGCGTCTTGCTATCCGTATAGCTTATGCTAATCCGGTGAAAGCTCAACAGATGGCTGAAGAAGCTGTGAATCCTGCAAACGGAGGTGTCATCGAATCGAATGCGGACAATGCAACATGGAACTACTTTGAGACTTCACAAAATCCTATTTATGTAGCTACCCGCTACAATCAGGTACAGACTTCCGATCATGGCGGCGTACCCTGTTTGACTGGCGGTGATACGCATGCTGCTGCCGATATCATCTGCTATATGAATGGTTACAAGGATAACAGACGTGAAAAGTTCTTCACAAAATCCGAATGGGCGGGACAGGACTATGTAGGAATGCGTCGTGGTATTGTCATTCCCGAACTGAAGACAACCGGACATAAATACTCTGGGGTGAACATTGCTCCTACATCTCCGCTTTATTGGATGAATGCAGCCGAAGTAGCTTTCTTACGTGCTGAAGGGCAAGCTGTTTTTAACTTCAGCATGGGTGGTACAGCAGAATCATTCTATAATCAAGGTATCCGTCTGTCATTTGAGCAATGGGGTGCAGACGGTGTGGAAGACTATCTGAAAGATGATGTAAACAAACCGACTGCATATACAGACCCGGCAGGTACGAACACTTATCAGAATGCTTTGTCCAATATCACTATTAAATGGAATGATAGTGCTGACAAAGAAGAGAAGCAAGAACGCATTATCGTGCAGAAGTGGATTGCCAACTGGCAATTGGGTAATGAAGCTTGGGCAGACTTCCGCCGTACCGGATATCCGAAACTGATCCCGGTGAAAGAAAATAAGAGCGGTGGTGTCGTTGATTCAGAGAAAGGGGCGCGTCGTATGCCTTATCCGTTGGATGAGTTTGTCAGCAATAAAGCAAATGTAGAATATGCGATTGCCAACTACTTGCACGGTGCAGATAACATGGCTACAGATGTATGGTGGGCTTCTAAAAAA, hypothetical protein BT_3984 [Bacteroides thetaiotaomicron VPI-5482], 16505, 18118, -2, 1.314818
pool1_scaffold258_1, pool1_scaffold258_1-14, , TTTAATCTTAAATTCAAGTGTATGAGAATCAATGACTCGTGTAGAGGCTCGAAGATTTTTCGGGCATTGTTGATCTTGATGCTATTCGCCCTTCCGGCACAATCTGCAATAGCACAGTTAACAATTAGGATCTCCAATTCTTCTTTAGGAACTGTGATTAAGCAAATCCAGTCTCAATCCAAGTATCAATTTTTTTATGATGACAATTTGGCTTCAATGCGAATAGAGTCATTGAATGTTAAAGATGTTTCTTTGGTAGAAGTACTGGATAAGGCTTTGAAAGGGAAAAATGTCGTTTATAAAATTGATGACAATGTTGTTTATTTGTCGAAAGCAAATGCATCTTCTTCGACAAAGTCGACTCAACAACAACAGAAAGTAACAGGTAAGGTGGTAGATGCTAATAACGAACCTTTGATTGGCGTTTCTGTATTGGAAAAAGGAACAACTAATGGTACTATTACTGATTTTGATGGTAATTATACATTAGTCGTTACAGGTTCAAATGCAGTTTTGCAATTTTCGTATGTTGGATATCAAACTTTGGAGAGGGCTGTAGCAGGAAAGACTGCTATTAATATCACTTTAAAGGAAGATGCTCAAGTCTTGGATGAAGTCGTAGTTACGGCATTGGGAATCAAACGCTCAGAAAAAGCGCTGTCTTACAATGTACAGCAGGTAAATGCTGATGCAGTGACTACCAATAAAGATCCTAACTTTATTAACTCATTGAGTGGTAAAGTGGCAGGTGTTAATATCAATGCTTCTTCATCCGGAGTGGGCGGTGTATCTAAAGTAGTGATGCGTGGTACAAAATCTATCATGCAGTCTTCCAATGCATTGTATGTAGTAGATGGGGTTCCGATGTACTCCAATGCAAATAAAGTGAATGGGACAGAGTTTTCTTCTAAAGGAAATACTGAGCCGATTGCCGACATTAACCCGGAAGATATTGAATCAATGTCTGTGTTGACTGGTGCGGCAGCAGCTGCACTTTACGGTTCTGATGCTGCCAATGGTGCGATTATCATTACTACTAAAAAAGGAAAAGAAGGTCGTGTGAATATCACAGTGAATAGTAATGTTGAGTTTAATGCTCCTTTGGTAATGCCTCGTTTCCAGACACGTTATGGTACAGGTATTGGTGGCGTGAAAGATGATAACTCCAGTCGTAGCTGGGGCCCTAAACTGACAGAAGCCAGATATTTTGGATATAATCCTCGTGATGATTATTTTCAGACTGGTGTTATAGGTACAGAAAGCGTATCATTCTCTACCGGTTCGGAAAAGAACCAGACTTATGCTTCCGCTGCAGCGGTTAATTCAAAAGGTATCGTTCCTAACAACAAATATGACCGTTATAATTTCAACGTACGCAATACTACTTCATTTCTTGATGATAAGATGACATTGGATGTAAATGCCAGCTACATTTTGCAGAAAGACCGCAATATGGTGAATCAGGGTACTTACAACAATCCGTTGGTAGGAGCTTATCTGTTCCCTCGTGGTAATGACTGGGAAGATATTAAAATGTACGAACGCTATGACGTTGCACGTAAGATCTATACTCAGTACTGGCCGACAGGTGATGGTAATATGACTATGCAGAATCCTTATTGGGTGAACTACCGTAACTTGCGTGAAAATAAGAAAGATCGCTATATGTTAGGTGCAAGTCTGAATTATCAGATTCTTGACTGGTTAAATGTTTCCGGACGTGTCCGCCTGGATAATTCTAACAATGATTATACGGAAAAGGCTTATGCCAGTACAAATACTCAGCTGACAGAGTTGTCAGATCGTGGTCTTTATGGCATTTCCAGAAGCTACGAAAAGCAGTTGTATGCAGACTTCCTGGTAAGTGTAAACAAAACATTCGGTGAAAAATGGTCTTTACAAGCTAATATGGGTGGATCGTTTACTGATATGCGATATGATGAAATGGCTGTACGCGGACCTATTGCTGATGATTCAAAAACGTTTGCTGGTGAAAAAGCCGGATTGACAAACGGTTTCTATATTCAAAATCTGAGTACGACCAAGACAAGCAAAATGCAGTCAGGATGGCGTGAACAGACTCAGTCTATCTATGCATCTGCCGAAGTTGGCTACCAAAGTACTTATTATCTGACATTGACAGGTCGTAATGACTGGCCTTCACAGTTGGCAGGCCGTAACTCTGTCAATAAATCATTCTTCTACCCTTCGGTAGGTATGTCTGTAGTGTTATCTGAATTGATGCCTAAATTGAATAAGGACTATCTGTCTTACTGGAAGATACGCGGTTCTTTTGCTTCTGTAGGTACAGCATTCGAAAGATATATAGCTAATCCTTTGTTCGCATGGAATACCAGTATCGGTCAGTGGAGTAACCTGACTGACTTCCCGGTATATGACTTGAAACCGGAACGTACCAATTCTTTTGAAGTAGGTATGAATATGCGTTTTCTTAAGAACTTCGAACTGGATGTGACTTATTATAACGCCAAGACAATGAATCAGACATTCAATCCTGAGTTGCCGGTAGGTGAATATGCTCGTATCTACATTCAGACAGGTGCAGTTCGCAATCAAGGTCTTGAGTTAGCGTTGAATTACAATAATACATGGAAAGATTTTACTTGGAATACAGGAGTTACTTATTCAATGAACAAGAATAAGATTCTTACCTTAGCTGATAATGCCATCAATCCTATCACTCGCGAGAAATTCTCTATTTCTTCTCTGAATATGGGTGGTCTGGGTAGTACCCGTTTCATCCTGAAAGAAGGTGGAAGCATGGGTGACATTTACTCCTTGATGGATTTGAAGAGAGATGCCAATGGAGCTGTTTATATCGATGAGAACAACAGTGTTGTAACAGAGAGTCTGGAAGCTAATAATTACATCAAATTAGGTAGTGTATTGCCGAAAGGAAACTTGGCATGGCGTAACAATTTCAGTTGGAAAAACATTAATGTGGCATTCCTTGTATCAGCTCGTCTGGGTGGAGTTGTATTCTCACGTACACAAGCTGTTCTTGATAACTTCGGAGTTTCTGAAGCATCTGCTGCTGCACGTGACAAAGGTTATGTATCGGTAAATGGAAACGACCGTGTAAATCCGGAAGGCTGGTATTCAGTAGTAGCTGGTGGTACGGCTGTTCCTCAGTATTATATTTATTCCGCTACTAATATTCGTTTGCAGGAAGCTTCTATCGGTTATACTATTCCGAGAAAATGGCTGGGCAATGTGTGTGATATCAAAGTTTCATTGATCGGACGTAATCTTTGGATGATCTACAACAAGGCTCCTTTCGATCCTGAAAGCGTGGCATCTACTGATAACTTCTATCAGGGAATTGACTACTTTATGATGCCTTCATTGCGTAATATTGGCTTTAATCTGAGCTTTAAATTC, hypothetical protein BT_3983 [Bacteroides thetaiotaomicron VPI-5482], 18135, 21542, -3, 1.313633
pool1_scaffold258_1, pool1_scaffold258_1-15, , ATAAATAACTATTTAGAAAGGCAAATTAAGGAAAATTTTCCTTATCAACCAACTTTTGAGCAGGAAATAGCTGTAAAATCTCTTTCAGAGTTTCTGCTTTCCACACTGGCGGATGAAGTATTTATCCTCAGAGGCTATGCCGGTACTGGTAAAACATCTTTGGTAGGGGCATTGGTAAAGACGATGGATCAGTTACAGCAAAAGGCTGTGTTACTGGCTCCTACCGGTCGTGCTGCAAAAGTTTTTTCATCATATGCCGGTCACCCGGCTTTTACAATTCATAAGAAAATATACCGGCAGCAGTCGTTTTCTAATGAAACCAGTAATTTTTCAATAAATGACAATCTTGCTACGAATACTTTGTTTATAGTCGACGAAGCTTCAATGATTTCCAATGAAGGATTGTCGGGCAGTATGTTTGGGACGGGAAGATTATTGGACGACCTGATACAGTTTGTTTATTCCGGTCAGGGGTGCCGTCTTTTGTTGATGGGAGATACTGCGCAGCTTCCTCCGGTAGGTGAGGAGTTGAGTCCGGCACTTTTTGCAGATGCATTAAAGGGATATGGATTGGAAGTGCGGGAAGTTGACTTGACGCAAGTGGTTCGTCAGATACAGGAATCGGGCATTTTGTGGAATGCGACTCAATTGCGTCAGCTGATAGCGGAAGATAATTGCTACTCTTTACCTAAAATAAAGATAACAGGTTTTCCAGATATAAAGATGGTGCCGGGTACGGAATTGATTGATGCCATCACTAGTTGTTATGATCATGACGGCATGGATGAGACGATTGTGATCTGTCGTTCTAATAAACGCGCGAACCTATATAATAACGGAATACGTGCACAGATCCTTTGGCGGGAAGATGAACTGAATACGGGAGATATGTTGATGATAGCCAAAAATAATTATTATTGGACAGAGCAATATAAGGAAATGGACTTCATTGCCAATGGAGAAATAGCAGTCGTGCGTCGTGTCCGTAAGACGCGTGAGATGTATGGTTTTCGCTTTGCGGAAGTGACTCTCAGGTTTCCTGACCAGAATGATTTTGAACTGGATGCCAATTTGCTGCTGGATACTCTTCACTCTGATTCTCCCGCATTGCCAAAAGTAGATAATGACAGATTATTTTATACCATACTTGAAGATTACGCAGATATATCTAACAAGCGGGACCGGATGAAAAAGATGAAAGCAGATCCACACTACAATGCGTTGCAGGTGAAATATGCTTATGCGATAACTTGTCATAAAGCACAAGGTGGGCAATGGCAGAATGTTTTTCTTGATCAGGGATATATGACGGATGAATATTTGACTCCGGATTATTTTCGCTGGTTGTATACGGCATTTACTCGCGCCACGAAGACATTGTATCTGGTGAATTATCCCAAAGAACAAATTTTA, exonuclease V subunit alpha [Bacteroides thetaiotaomicron VPI-5482], 21743, 23161, -2, 1.330144
pool1_scaffold258_1, pool1_scaffold258_1-16, , AAAACAGTATTTAATATTGTATTAGTACTCTGTGCTGCTGCATTAATCTACATTTGCTATAGCAGTATTATGGGTCCTATCAATTTTGAAAAAGCGAAAAAGGAAAGAGAGCAGGCTGTCATTGCCCGTTTGATCGACATCCGTAAAGCACAACAGGAATACCGTTCGCTTCATCACGGAATGTACACAGAACATTTTGACACACTGATTGATTTCGTTAAAAATCAAAAATTACCTTTCGTTATGAAAGTTGGTCAGCTGACAGACGACCAATTGGAAAGCGGCTTGACTGAGAAGAAAGCAATGGCAATCATCAACAAAGCTAAAAAAACAGGCAAGTATGATGAAGTTAAGAAAAACGGACTTGAAAACTTTAAGCGTGACACCATGTGGGTAGCTGTAATGGACACCATCTATCCAAAAGGTTTCAATGCAGATTCAATGAAGTACATTCCTTATGGCAACGGTGCTATCTTTGAAATGAATGTTAAAAACGACACAGCTAAATCAGGTGCTCCTGTATACTTGTTTGAAGTGAAAGCTCCATATGAAACTTACTTGGGCGGACTTGACAGACAAGAAATTATCAATTTGAAAGACCTTAATGAAAAACTGGGCAGATACTCAGGTTTGATGGTAGGTTCTATTGACAATCCTAACAATGGTGCTGGTAACTGGGAA, hypothetical protein BT_3981 [Bacteroides thetaiotaomicron VPI-5482], 23257, 23943, +1, 1.281109
pool1_scaffold258_1, pool1_scaffold258_1-17, , GAAAACGTTTTTAAGATTGGCTGTCAGAGACAGAGAGGTGTCTACCTCTTTTTCGAACAGCGACTGCGAATTGTCGTTAATCGGATTGTAGATAGAAAAAGAAAATCCATCCGTACTAAGACGGATGGA, , 23976, 24110, -3, 1.355856
pool1_scaffold258_1, pool1_scaffold258_1-18, , ATAGCCAGCAAACGCTTTACCATGATACCATTGGAACTGTTTGAGGAAGAACAGGCAGAGCTTTTATTCTATCACAATCATCAGAAACGGGAGAATGAAATAGTGATGTACAATATTCTGAAAAAGAATAATGTAGTCATAATCTTCGGCATAGACAAAAGCACCTATACATTCTTAAATGAACAATATCCCGAAGCCCGCTTCTACTCTCAGTCTACCCCGCTCATCGAGTATTTTTCTATCAAAAGCAGACTGGGGAATAGTAAGAAAATGTATGCTTCAGTACGCAAAGATGCCATTGACATTTACTGTTTCGAACGGGGGCAGCTACTTTTGGCCAACTCTTTCGAGTGCATGCAAACCGAAGATCGTATCTACTATCTATTATATGTCTGGAAGCAACTGGAATTTAATCAGGAACGGGATGAACTACATCTGACAGGCACTCTGTCGGACAAAGAGACATTGATGAACGAACTGAAAAAATTCATTCTGCAGGTATTCATTATGAATCCTGCCAACAATATTGACATGCAAGCCTTATTAACATGCGAG, hypothetical protein BT_3980 [Bacteroides thetaiotaomicron VPI-5482], 24153, 24713, +3, 1.324154
pool1_scaffold258_1, pool1_scaffold258_1-19, , TTTGCAGGCACGGGCAGTATCAGTATCGAACTGGTATCCCGAGGCTGCGACCGTGTGATCAGTGTGGAAAAAGATCCGGCTCATCACTCGTTTATCTGCAAAATAATGAAAGAAGTACAAACTGACAAATGTCTGCCTATCCGTGGCGATGTATTTAAGTTTATCAACAGCGGACGAGAGCAGTTTGATTTTATCTTTGCCGACCCTCCTTACGCTTTAAAGGAGCTGGAATCGATACCGGAACTAATATTCAAAAATAATCTGCTCAAAGAAGGAGGTTTGTTTGTATTGGAGCATGGTAAGCAAAATAACTTTGAAGATCATCCGCATTTCATAGAAAGAAGAGTCTATGGAAGTGTGAATTTCTCGCTTTTCAGA, methyltransferase [Bacteroides thetaiotaomicron VPI-5482], 24854, 25237, +2, 1.330907
pool1_scaffold258_1, pool1_scaffold258_1-2, , AAAACACCTATTTACCTACTTCTAATCGTTTGTATTTTTGCATCCTGCAACACCAAACAGACACAAGCTGAAATTGATTACACATCGTATGTAAATCCTTTTATTGGCACCGATTTCACAGGAAACACTTATCCCGGCGCACAAGCCCCCTTCGGTATGGTGCAGCTCAGCCCGGACAACGGACTTCCGGGATGGGACCGCATCTCCGGCTATTTTTATCCGGACAGCACCATCGCCGGCTTCAGCCATACCCACCTTTCGGGAACAGGTGCAGGCGACTTGTACGACATCTCTTTCATGCCGGTCACACTGCCCTACAAAGAGGCAGAAGCGCCGCTGGGCATCTACTCCAAGTTTTCTCACGATGAAGAGAGCGCCTATGCAGGCTACTATCAAGTACGTCTGAAAGACTACCATATCAATGTGGAACTGACCGCAACCGAACGTTGTGGCATCCAGCGATACACCTTCCCCAAAGCCGAAGCCGCCATCTTCCTGAATCTGAAGAAAGCCATGAACTGGGACTTCACAAACGATTCGCACATCGAAGTAGTGGACTCTGTGACGATTCAAGGATACCGTTACTCCGACGGCTGGGCACGCGACCAGCGAATCTACTTCCGCACCCGCTTCTCGAAGCCTTTCGACAAGGTGGAACTGGATACGACTGCCATTATCAAAGACAAGCAACACATCGGTACGGCTGTCATCGCACGTTTTGACTTCCATACCGAAGAAGGAGAACAGATTCTCGTCAATACCGCCATTTCCGGCGTCAGCATGGAAGGCGCAGCCAAGAACCTGCAAGCCGAAGTGCCCGAAAATGACTTCGACAAGTATCTGGCAGAAACAAAAGCAAACTGGAACCGCCAACTGGGAAAGATCGAAGTCGAGGGTGACAATCAAGACGATAAAGTAAACTTTTATACGGCTCTGTACCACTCGATGATCGCACCTACGATTTACAGTGACGTAGACGGAGCCTATTACGGTCCCGACAAAAAAGTACATCAGAGTGACGGCTGGGTGAATTACAGCACTTTCTCCCTTTGGGATACCTACCGTGCCGCCCATCCCCTTTTCACATATACCGAACCGGAACGTGTCAACGACATGGTAAAATCCTTCATCGCCTTCTTTGAACAGAACGGACGCCTGCCCGTATGGAACTTCTACGGGAGTGAAACCGATATGATGATCGGCTATCATGCCGTTCCCGTGATTGTAGACGCTTATCTGAAAGGTATAGGCAACTTTGATGCGGAGAAAGCACTGGCCGCCTGCGTAGCTACCGCCAACTTGGATAACTACCGGGGCATCGGGCTATACAAGCAATTAGGCTATATTCCTTACAACGTGACAGATCATTACAATGCCGAAAATTGGTCACTGTCCAAAACACTGGAATATGCATTTGACGATTACTGCATCGCTGAGATGGCGAACAAGATGGGCAAGAAGGAGATAGCGGACGAATTCTACAAACGTTCTCAGAACTACAAGAATGTTTACAACCCGGCCACTTCGTTCATGCAGCCGCGTGACGATAAAGGAAACTTTATCAAAGACTTCAAAGCCGACGAATACACTCCGCATATCTGCGAAAGCAACGGCTGGCAATACTTCTGGTCCGTGCAGCATGACATAGATGGTCTGATTGATCTCACAGGAGGTAAAAACCGCTTTGCAGAGAAACTGGACAGCATGTTTACCTACCATCCGGCAGCCGACGAAGAACTTCCCATCTTCAGCACGGGAATGATCGGGCAATATGCTCACGGCAATGAGCCGAGCCATCACGTAATCTATCTCTTCAATGCCGTAGGACAACAGAACCTGACACAGAAATACGTTGCCAAGGTAATGAACGAGCTTTACAAGAACGAGCCTGCCGGTCTTTGCGGAAACGAAGACTGCGGACAAATGTCTGCCTGGTACGTATTCAGCGCGATGGGATTCTATCCCGTCAATCCGGTCAGCGGAAAGTATGAAATAGGTACTCCCCTGTTCCCGGAGATGAAGTTGCATCTGGCTAACGGAAAGACATTTACAGTACTTGCTCCCAAAGTGAGCAAAGAGAATATTTACATTCAATCTATCAAAGTAGACGGTCAACCGTACAACAAGACCTACCTTACCCATGAACAGATTATGAGCGGTACCACCGTCGAATTTGAAATGGGGAATACTCCCTTAGTGGAAGTCGAATTTGAAGAACAGACCCAG, alpha-1-2-mannosidase [Bacteroides thetaiotaomicron VPI-5482], 1979, 4210, +2, 1.341540
pool1_scaffold258_1, pool1_scaffold258_1-20, , ATTGACTGGAACATACTAGTTAGCCAGATAGCTACGGTTGCTTTTGATATCGTTTATTTTGGAGCCATTATCAGTACGATTGTCGTTATCATTCTTGATAACCGGAATCCGGTGAAGACTATGGCATGGATACTCATATTACTTTTCCTCCCAATTGTCGGTCTTGTTTTTTATTTCTTCTTTGGTCGGAGTCAGCGTCGGGAACGTATCATCGGTCAAAAAAGTTATGACCGCCTTTTGAAGAAACCTATGGCGGAATACATGGCGCAAGACTGTTCGGATGTACCTGAAGAATATGCCCGCCTTATCCAACTTTTCCAGCATACCAATCAAGCTTTTCCATTTGAGGGAAACCGTATTGCTGTCTATACGGAAGGCTATACCAAATTGCAATCATTGCTTCGTGAGCTCCAAAAGGCGAAACAACACATTCATATAGAATACTATATCTTTGAAGATGATGCTATAGGACGTTTGGTAAGGGATGTACTAATCGAAAAAGCATCTCAGGGGGTTGAAGTAAGAGTAATTTATGATGATGTGGGGTGCTGGCATGTACCTAACCGCTTTTTCGAGGAAATGCGTAATGCAGGTATTGAAGTCAGGAGTTTCTTGAAAGTACGCTTCCCTTTGTTTACAAGCAGGGTCAATTATCGTAACCACAGAAAAATAGTCGTGATAGACGGACGTATCGGTTTTGTGGGAGGTATGAACCTGGCAGAACGTTATATGCGTGGTTTCTCATGGGGGATTTGGCGTGACACCCATATTCTGATAGAAGGAAAGGCTGTGCATGGTCTGCAAACGGCCTTTTTGCTCGACTGGTATTTCGTTGACCGTACATTGATTACAGCTTCACGTTATTTCCCAAAGATAGAATCTTGTGGAAGTTCATTAGTTCAGGTGGTTACCAGTGAACCCATTGGCCCCTGGAAAGAAATCATGCAGGGGCTGACTATGGCGATCAATGGAGCGAAGAAGTATTTCTATATGCAAACCCCTTATTTCCTGCCGACAGAGCAAGTACTTGCCGCTATGCAGACAGCTGCACTGGCAGGAGTAGATGTGCGTTTGATGTTGCCGGAACGTGCCGACAACCGAATCACTCATTTGGGATCGCATTCTTACCTGGCAGATGTGATGCAGGCAGGTGTCAAAGTCTATTTTTATAAGAAAGGGTTTCTGCACTCCAAACTGATGGTTTCTGATGATATGCTCTCTACAGTAGGGTCTACCAATGTTGACTTCCGTAGTTTTGAGCATAATTTTGAAGTAAATGCCTTTATGTATGATGTGGAAACGGCTCTTGAAATGAAGGAGATATTCCTTCAGGATCAGCGGGAAAGTACACAGATCTTTCTGAAAAACTGGGTGAAACGTTCGTGGAGGAGGAGGGCAGCAGAGTCTGTCGTTCGTTTGTTGGCTCCGCTGCTT, cardiolipin synthetase [Bacteroides thetaiotaomicron VPI-5482], 25272, 26711, -3, 1.335960
pool1_scaffold258_1, pool1_scaffold258_1-21, , AAAAGATTATCAGTTTGGTGGGTGCTTACACTGTTATGCACCTTCTCTATTTTTGCACAGAATAAGGTGATTACCGTTTCGGGGCGTGTTGTCGAATCTGACTCTAAAGAGCCAGCTGCACAGGCAACTATTCAATTGTTATCGTTGCCGGATAGCGCTTATGCAGCCGGTATAGCAAGTAGTAATAAGGGGTGGTTTACGCTCCCTAAAGTGAAAGCGGGGAAATATTTGTTGAAGGTTTCTTACATCGGTTTCCGTACGAAATTCGTTCCTGTACAATTATCCAATAATGTGACTGAAAAGAAAATGGGGACAATCTCTCTGGACCCTGATGCAGTGATGCTGAGCGAGGCTGTGATTACGGCGGAAGCTCCTCCTGTTACTGTAAAAGCTGATACTACAGAGTATTCTGCAGCGGCTTACCCTGTACCGGAAGGTTCAATGTTAGAAGATCTTGTGAAAAAAATTCCAGGAGCTGAAGTGAGTGATGAAGGTAAAATTACTATAAATGGTAAGGAAATAAAAAAGATAATGGTTGATGGAAAGGAATTTTTTTCTGATGACCCGAAAGTCTCTATGAAGAACTTACCTGCTAATATGATTGAGAAAGTAAAGGCTTATGATAAAAAAAGTGATATGGCACGTATCACAGGAATTGATGATGGAGATGAAGAGCCCGTCTTGGATTTGACCGTTAAGAAAGGTATGAAAAAAGGATGGATTGGAAATCTTATTGCAGGGTATGGTAGCCAGGATCGGTATGAAGGGGGAGTAATGATCAGCCGCTTTAAAGATGATGCGAGTCTTTCAATTATAGGTTCTGCAAATAATACTAATAATAAGGGATTTTCTGAATTTGGTGATGCCGGACAGGGACTAGGTGGAGGTAATGCTGGTTCAGGTATTACAACTGCACAATCGTTGGGAGTCAACTTCGCTAAGGATACTAAAAAGTTGCAGATCGGGGGGAATGTACAATATGGACATTCTGATAATGACGCTCGTCGCAAAACCTCTTCAGAAACATTTTTGGGGGAAACATCTTCTTTTGCTCAAAGTGAGAACTTTTCAAATCGTAATCGCCATGATTTTCGCGTTGATTTCCGTTTGGAGTGGAGACCTGACACATTGACTACGATTATTTTCCGTCCTAACGGTAGTTATTCACAAACAGAATCTAGCAGTCGTTCTTGGTCAAAGACAGAAAATAACTCGCATAGTCCTGTTAATGAAAAAGAGGCAGCTTCTTCTTCTAAAAGTCATAATGCATCTTTTAATGGTAGCTTGATGGCTTTTCGAAGATTGAACAATAAAGGACGAAACTTGTCTTTGGGTGCACGTTTCGGATATAGTGACAGCGAGTCCGATTCTTATTCTGATTCAAAGACTGAATTCTTCGAAAAGGATAGTATTTCTGATATTTCGCGCTATACAGACAGAAATAGTGATAGTCGTAACTGGAGTGTATCAGCTTCTTATACAGAACCTGTATTTAAAAATCACTTTTTGCAGTTGCGTTATGAATTTGCTCATCGCAAACAGTTATCACAATCATTAGTGTATGATAGTATTAACTACTATCCGTATCCTGAATATATAGAGCGTGGGTATGATAATGAACTAAGTACACGTGTGGAGAATTTCTATGATACTCATACTGCTGATGTTTCTGTACGTGGTATTCACCCTAAGATGATGTATAGTGTAGGAGTGGGGGTGACTCCTCAGTCATCCTTAAGTAAAACGACAATTGGTCCGAACTATAAGAAGAATCTTCCAGAACAGAATGTTTTGAATTGGGCTCCTTCAGTAATGTTCCGTTATATGTTTAATAAACAACATGTATTAATGTTCCGTTATCGTGGAAGAAGCAGTACACCTAACATTGAGGACCTGCAGGAGGTGATTGATATAACCGACCCGATGAACCTAAGATATGGTAATCCGAATTTGAAACCATCATTTAATAATAATTTTACTCTCGATTATAGAAAGTTTGTACCGGAATCTATGCGTAGCTATTCTGCTAATTTGTATTATACAAGTACATTGAATTCTGTAGCAAATAGAATGACATATGATCCTCAGACGGGTGCTCGGGTTTATAAGAAAGAAAATGTAAATGGTAACTGGCAAGCAAGAGGATTTTTTTCATTCAATACACCGTTGAAGAACAAGAAATTTACAATTTCATCTAATACAAATGCACGATTTAGTGATGCTGTAAGTTATACAAGTGTCGGAAGTTCTAAAAATGCAGATCAGGAACTAAGTACAACGCATAATTTAGGGTTAGGAGAACGGTTTACCAGTAGTTATCGTAGTGAAGTTTTTGATATATCCTTAAGTGGTTCTGTTAATTATAATTTGGTCAGAAATAGTAAACAAGAAAATAGTAATCGAGAAACATTCGACTACTATATTGGAGGTAATACCAATGTAAACCTTCCTTGGCAAGTCTCGATTTCCACAGATATTAATTGTCGATTTAAAGATGGATATACAGGTGGGCTTAATAATAACGAAGTGATGTGGAATGCACAAATTTCGAAGAATTTTTTAAAGAATAATTCGGGTACAATTCGTTTTAAAATATATGATATCTTAAAACAACAAAGTAGTTTGTCGCGTTCGATTAGCGAAACAATGATGAGTGATACTGAATATAATACTTTAGGAAGTTATTTCATGGTACATTTTGTATATCGCTTTAATACGTTGGGTGGAAAGTCACCAAATCGACGTGGACCGGGTGGTGGACCTAGAGGAGGACATGGCTTTGGCGGCGGTGGCAGACCTATGCGTTTC, hypothetical protein BT_3977 [Bacteroides thetaiotaomicron VPI-5482], 26855, 29668, -2, 1.325567
pool1_scaffold258_1, pool1_scaffold258_1-22, , TATATAAAATATCTTTTTTTACTTACTTTTGTCTCGTTAAAACGTTCAATTATGAAAGCATTGTTTCCTGTATTTTGCCGTCCTTTGGGATATGTGGTGTTGTTAGTAGCTTTGTTTCTTCTTCCGATTTTGCTAATGCAAGGGTTGATAACCGACCATAACCTGCTATTTTATAAGGAATGTACGAAGCTGTTGATGATGGCAGGATGCTTGCTGATCATCTTTGCCCTAAGCAAGAATGAAAGCCGCGAGACGGAACAGATTCGTAATGCGGCAGTCCGGAATGCAGTCTTTCTGACTTTTCTGTTTGTTTTCGGTGGTATGTTGTGGCGTGTTCTGCAAGGAGATGTGATCAATGTAGACACTTCTTCTTTTCTCACCTTTTTAATCTTTAATGTGCTTTGTTTGGAGTTTGGTCTTAAAAAAGCGCTTGTTGATCGATTCTTCAAAAGA, membrane protein [Bacteroides], 29749, 30207, -1, 1.329704
pool1_scaffold258_1, pool1_scaffold258_1-23, , AGTAAACAAGAAGTCATTCTCTGCGAAAGCTTGGAAACAAGCCTCGGTCGTGCCATTGAAAGGTGTCCGCATGACAAGTTATTCATCCTCACAGACGAACATACCCAGCGTCTTTGTCTGCCCTCATTGAAAGAGGTATCGTTTCTGAAAGACGCAGTCGAAATCTGTATCGGAGCCGAAGATGTGCATAAGACACTGGAGACTCTGGCCTCCGTATGGATGGCACTGAGTCAGCAAGGGGCTACACGTCACTCATTGCTCATCAACCTTGGTGGGGGCATGGTAACAGATTTGGGAGGCTTTGCCGCCGCTACCTTCAAACGGGGGATTTCTTATATCAATATACCCACTACACTGTTGGCTATGGTCGACGCATCCGTCGGCGGTAAGACAGGTATCAACTTCAACGGACTGAAAAACGAGATAGGCTCGTTTGCTCCGGCAGACAGTGTGCTGATTGAAACTGAATTCCTGCGCAGCCTCGATGCACAGAATTTCTTCTCCGGTTATGCTGAAATGTTAAAGCACGGATTAATCAGCAATACCGCACACTGGGTCGAATTACTGGATTTCAATACCAATAACATTGATTATGCATATCTCAAAAATATGGTGGGACGATCGGTACAGGTGAAGGAAGACATTGTGGAGCAAGACCCCTTCGAGCATGGCATCCGTAAAGCACTGAACCTGGGACATACAGCAGGACATGCCTTCGAAAGTCTGGCATTGGCTGAGAATCGCCCCGTGCTGCATGGCTATGCCGTAGCATGGGGAATCGTATGCGAGCTTTACCTGTCACACCTCAAAGTCGGCTTTCCGAAAGACAAGATGCGACAGACCATCCAATTCATCAAAGAGAATTATGGTTCATTCGCATTCGACTGTAAGCAGTACGAACAACTCTACGCATTTATGCAACATGATAAGAAAAATACCTCAGGAACGGTCAATTTTACTTTACTGAAAGAGATCGGAGATATTTGCATCAACCAGACAGCTGATAAAGACACAATTTTTGAAATGCTTGACTTCTATCGCGAATGTATGGGAGTC, 3-dehydroquinate synthase [Bacteroides thetaiotaomicron VPI-5482], 30234, 31295, +3, 1.339149
pool1_scaffold258_1, pool1_scaffold258_1-24, , TATTTAGTTTTATTTAATGAGGGGGTAAATGTGTATAATAAAAATAGAGAAACGTTAGAAGCTTATGTCTTAGGTGATGATTTTAAGTATTTTCAGAATTTGAAGTATCTTCCCCTAAGCGTTTATCCTTCTAATATTCAGTCTGCTTTGGTCGTGTATTGCTTCAGCGGAAAGGCCAAGCTTAATGTATATGATGATTCGCATTGGATACAGCCGCAGGAATTGATTATTCTGTTGCCGGGACAATTCGTTTCGTTCACCGAGGCCAGTGATGATTTTCTGACTACTACGTTGGTGGTGTCGCCTACAATGTTCAGCGATGCGCTGAGCGGTGTGCCTCGCTTTTCACCGCATTTCTTTTTCTATATGAGGACCCATTATTGGTATCCTCAGACCGAAAATGATACTCGGCGGTTGATGAATTTCTTTGGAATGGTAAAGGATAAAGTGACGTCTAATGATATATACAGGCGTGAGCTGATTATTCATTTATTAAGATACTTATATTTGGAATTGTTTAATGCTTATGAAAAGGAGGCATCTCTGATGACTACCCGAAAAGATACTCGTAAAGAGGAACTGGCTAATAAATTCTTTGGGTTGATAATGAAGCACTTCAAAGAGAATAAGGATGTTGCTTTCTATGCTGATAAGTTGTGTATCACATCCAAATACCTGACGATGGTGATCAAGGAAGTGAGCGGCAAATCTGCCAAAGACTGGATTGTAGAATACATCGTACTCGAAATAAAGGCTTTGCTGAAGAATACGAATATGAATATTCAGGAAATTGCCGTGAAAACAAATTTTGCCAATCAGTCGTCTTTGGGACGTTTCTTCAGGAAACATACCGGAATGTCATTGTCCCAATACCGGATGAGTAACTTAGGA, AraC family transcriptional regulator [Bacteroides], 31419, 32315, -3, 1.332644
pool1_scaffold258_1, pool1_scaffold258_1-25, , AAAGAAGACCCGAAACATATTCACATCAGCGAATACAACTATCCACTACCGGATGAACGAATCGCCAAATTTCCTTTAGCAGTACGAGACCAGTCAAAACTGTTGGTATATCGCCACGGTGAAGTAAGCGAAGATGTCTTCACATCCTTGCCGGACTATCTCCCGAAAGGAAGCCTGATGGTATTCAACAACACGAAGGTGATTCAGGCACGCCTCCACTTCCGCAAAGAAACGGGGGCGCTGATCGAGGTCTTCTGTCTGGAACCGATTCAGCCCAACGATTATGTATTGAACTTCCAGCAGACGGAACACGCTGCCTGGCTCTGCATGATCGGTAACCTGAAGAAATGGAAAGACGGAGCACTGAAACGGGAGATGACGGTAAAAGGTTTCCCGATCACTCTGACCGCTACCCGTGGAGAATGCAGGGGCACCAGCCACTGGATTGATTTCTCCTGGGACAATCCGGAAGTAACCTTTGCCGATATCCTCGAAGTGTTCGGAGAACTGCCGATTCCCCCATATCTGAACCGGGATACGGAAGAGAGCGATAAAGAAACTTATCAGACCGTTTATTCCAAAATAAAAGGCTCGGTAGCCGCACCGACAGCCGGACTGCACTTCACTCCCCGTGTACTGGAAGCATTGCAGGAAAAAGGCATCGATCTGGAAGAACTGACACTTCATGTAGGCGCGGGAACCTTCAAGCCCGTGAAAAGCGAAGAGATAGAAGGGCATGAGATGCATACGGAGTATATCTCCGTCAATCGGGCTACGATCAAAAAGCTGATCGATCATGACGGTTGCGCTGTTGCTGTAGGCACCACTTCGGTGCGTACGCTCGAAAGCCTGTATCACATCGGAGTAACATTGGCGGAAAATCCCGATGCTACGGAAGAAGAACTGCACGTCAAGCAATGGCAGCCATACGAAAAGTATGATCAGATTCCGCCTGTAGTCGCACTGCAAAAGATTTTAGGTTACCTCGACAGGAACGGGCTGGAAGCCCTTCACAGCAGTACGCAGATTATCATAGCTCCGGGATATCAGTATAAGATAGTGAAAGCGATGGTGACCAACTTTCACCAGCCGCAAAGTACACTGTTACTTTTGGTTTCCGCCTTCGTGAAGGGAAACTGGCGCACAATTTATGATTATGCGCTGGCGCACGATTTCCGTTTTCTGAGTTATGGAGATTCTTCTCTGCTGATACCG, S-adenosylmethionine--tRNA ribosyltransferase-isomerase [Bacteroides thetaiotaomicron VPI-5482], 32710, 33930, +1, 1.349006
pool1_scaffold258_1, pool1_scaffold258_1-26, , CCAAGCGATAATAATCAAGAAATGTTTCCCATCGTAGACGAACAGGGAAACATCACCGGAGCCGCCACACGCGGAGAATGCCATAGCGGAAGCAAGCTCCTTCATCCTGTCATCCATCTTCACGTTTTCAATTCGAAAGGAGATTTATATCTGCAGAAACGTCCGGAATGGAAAGACATCCAGCCCGGAAAATGGGACACAGCCGTTGGCGGACATATTGACCTGGGCGAAAGCGTAGAAATCGCACTCAAACGGGAAGTCCGCGAAGAACTAGGCATCACGGACTTTACTCCCGAACTGCTAACCAGCTATGTATTCGAATCGGATCGTGAGAAAGAACTTGTCTTTGTTCACAAAACTGTTTACGACGGTGAACTGCACCCCAGTGACGAACTGGACGGCGGACGATTCTGGACCATCGAAGAAATAGAAGAAAACCTCGGAAAAGGTATTTTCACCCCCAACTTCGAAGGGGAATTAAAGAAAGTATCCCTTATTCCGTCTCTTTTCCCTGCTCCTACTCCTGCTCTATCCAAG, NTP pyrophosphohydrolase [Bacteroides thetaiotaomicron VPI-5482], 33951, 34493, +3, 1.340276
pool1_scaffold258_1, pool1_scaffold258_1-27, , ATTACAAAATTCTTATCCTTATATTTATCATATAGCTCTTGCAGTTTGGCATACTGTGGCGTCAGTCCGCATTTGGAGGCTACATTTACTACCAGCACTTTCTTTCCTTTCAAAGAAGAAAGCGGAAATTCCTTACCATCAATCGTGGTCACATTGAAGTCG, , 34775, 34942, +2, 1.350304
pool1_scaffold258_1, pool1_scaffold258_1-28, , AATGACTTCATACTGAATATATATTTAGTTTGTTATATAATAAACGAGGTTATACAAAGAAATGTTCTGCCGCAGCATAAGATTGCTTGTTTCTTCGTATCGATGTCGAATGGTTCAACAAAAGTTGAATTCAAGTTATATATGCGAGTTGCCTACTTAAATCTTACTACA, , 35000, 35176, +2, 1.343971
pool1_scaffold258_1, pool1_scaffold258_1-29, , ACATACTTAGCAAGAAATTTCATTCCTTTTTCTTTGCAATCCTCAACAATTCGCGTACCTTTGTCCCTTGAAAGCCGAAGAGAAATGCGGCATATTGAAACGTTTTTTTGCGCTAAGAAAAGTACCAAATTTCATTTAAACAAAAAACTGAACTTCAATAAATCTGTTTCATACGTGCGACTTAGGGTCGGGCGTGTGAACATATTTATTAAGTTCAGTAGGTATTGGTACTACCTCTTAGCGGATAAATATGAACTCAGCGCCCGGCTTCTTTTATATACGTACGTAGTATACAACAGGATGCGAGCGGTCATAAATATTCAAAGAGATATGAACAGACCAGACAAAGAAACATTGCGCCGCGTCATCCGGAAGATGCACAGACAAAATGATTGCGAGAAGTTTATTGAATTAGCATCCGTATTTACCGGTATGCTAGGGAAACTTAATTTCCATTCCGTAGAATTTGCTTCTGACGACCCTTACCACCCTTTCCCTTTATACATGAAACATATTCATAGTGTAATCTGCGAAGAAGAGTATCTTTACATACTTTGCTATAACGGGAATCTGCACATACTGGGAACCTATGAACGCGGACATATTCTGATTCCGCTCAAAGAACAACTGACTTTACGGGAACTCTTCTGCTGGACGTGCCGATCTTGGTGGGATCGCCTACTCACAAAGAGCGAAAATGAACTGCCTATA, hypothetical protein BT_3970 [Bacteroides thetaiotaomicron VPI-5482], 35405, 36121, +2, 1.372468
pool1_scaffold258_1, pool1_scaffold258_1-3, , AATGAAAACTTCGACTTAACCTACAAAGCTCTATTCCGCAGGTACTACCCCAGCCTGATATTCTATGCCACCCGACTGGTGGGAGAAGAAGAGGCGGAGGATGTAGTGCAGGACGTGTTCGTAGAGCTTTGGAAACGAAAAGACAGCATAGAGATAGGAGAGCAGATTCAGGCTTTCCTCTATCGTGCTGTCTATACACGTGCCCTTAACGTATTGAAACATCGTAATGTAGAAGATGGCTATTGCGCCGCCATGGAAGAGATAAACCGGAGGCGTGCAGAGTTTTATCAGCCGGACAATAACGAAGTGATCCGCAAGATCGAAGACCAGGAATTGCGGAAAGAGATTCACGATGCGATCAATGAGCTTCCGGACAAGTGCAAAGAAGTTTTCAAGCTCAGCTATCTGCACGACATGAAAAATAAGGAGATAGCCGATGTACTGGGAGTTTCACTCCGCACGGTAGAGGCACATATGTATAAGGCTTTGAAGTTCCTGCGAAATCGTCTCGGACATCTTTGGTTCATTCTCCTCTTATTTTTATTGGAT, RNA polymerase ECF-type sigma factor [Bacteroides thetaiotaomicron VPI-5482], 4238, 4792, +2, 1.348546
pool1_scaffold258_1, pool1_scaffold258_1-30, , ACAGGTGAAATGACGAAATCAAGGTCTGAACGTGAAGGGCTGTTGTCTGTCGAATCAAGGAGTTTGAACCTCCTTTGGTTATTCGCCACAACGTTTTATGCAGCGTTTTTATTGTCACTTGTCACTTTTGCGACT, , 36774, 36914, -3, 1.349874
pool1_scaffold258_1, pool1_scaffold258_1-31, , TTTAAAGCTATCGTACGTTTTTCGATCAGGAAAAAACTATTCGTAGGGTTAACCACCCTCTTCCTGTTTATCGGGGGAATCTATGCCATGCTGACGCTCCCCATTGACGCCGTGCCGGACATAACCAACAATCAGGTGCAGATTGTAACCGTATCTCCTACGCTTGCGCCGCAGGAAGTGGAGCAGCTCATCACCATGCCCATCGAAATAGCGATGAGCAACATCATGAATGTAGAAGATATCCGTTCCGTCAGTCGCTTCGGGCTATCAGTGGTAACGGTCGTCTTCAAGGAAGACGTGCCCACACTCGATGCCCGCCAGCTGATCAACGAGCAGATACAAACCGTATCCGGCGAAATCTCCCCCGAACTGGGAACACCGGAAATGATGCCGATCACCACCGGACTGGGCGAAATCTACCAATACATATTGAAAGTAGCTCCGGGATACGAAGAGAAATATGACGCTATGGAACTCCGTACCATTCAGGACTGGATGGTGAAACGCCAGTTATCGGGCATACCGGGCATCGTGGAAATAAACAGTTTCGGAGGTTATCTGAAACAATACGAAGTGGCGGTAGACCCCGACGCCCTGTTTTCACTGAACATCACCATCGGCGAAGTGTTCGAAGCACTGAGCAGCAACAACCAGAACACGGGCGGAAGCTACATCGAGAAAGCAAAGAATGCCTATTACATCCGTTCGGAAGGGATGATCACCCGCATCAAAGACATCGAGCAGATCGTGGTAGCCAACCGGAACGGGATTCCCGTACACATCAGTGACGTAGGCGCTGTCCGCTTCGGCGCCCCCAAACGTTTCGGTGCGATGACGATGGACGGAAAGGGCGAATGCGTAGGCGGAATTGCCATGATGCTGAAAGGCGCCAACGCCAATGTAGTGACGCAGGAACTGGAAAAGCGGGTGGAAAAGATACAGCACTTATTGCCCGAAGGCATCAGCATCGAACCGTATCTGAACCGTTCGGAACTGGTCAACCGGAACATCTCCACCGTCGTCAACAACCTTATTGAAGGAGCCATCATCGTCTTCCTCGTACTTATTATCTTTCTGGGCAACGTCCGTGCCGGGCTGATTGTAGCTTCGGTCATCCCGCTGGCTATGCTTTTCGCATTCATCATGATGCGTCTTTTCAACGTAACCGCCAATCTGATGAGCCTCGGCGCCATCGACTTCGGTATTGTGGTAGATGGTTCCATTGTCATACTGGAAGGTATCCTGGCACACATCTACAGCAAGCAGTTCCGCGGACGGACACTGACCCGCAAAGAGATGGACGAAGAGGTGGAAAAAGGTGCTTCCGGTGTAGTCCGCTCGGCTACATTCGCCGTACTGATTATTCTCATCGTGTTCTTCCCGATACTGACTTTGAACGGAATCGAAGGAAAATACTTCACTCCAATGGCCAAAACCCTGGTGTTCTGCATCATCGGCGCCTTGATCCTGTCGCTGACATACGTCCCTATGATGGCGTCGCTCTTCCTGAAACATACCATCGTAGTGAAGCCGACACTTGCCGACCGATTCTTCGAGCAGCTGAACAAACTCTACCAGCGTTGCCTGCATGCGTGCCTGCATCACAAAGCACGCACCGTCGTCATTGCTTTTGCCGCACTGATCGGGTCCCTCTTCCTCTTCACCCGTCTGGGTGCCGAGTTCATCCCGACACTGGACGAAGGCGACTTCGCCATGCAGATGACCTTACCCGCCGGAAGTTCACTTTCGGAAAGTATCAAACTCTCCGAAGAAGCGGAAAAGACATTGATGGATCAGTTTCCCGAAATCAAGCACGTAGTGGCGAAGATCGGTACGGCAGAAGTCCCCACCGACCCGATGGCAGTGGAAGACGCCGACGTGATGATCATCATGAAACCTTTCAAGGAATGGACCAGCGCAACGAGCCGAGCGGAAATGGTAGAGAAGATGAAAGAAGCGCTCGAACCCCTCTCGGAACGTGCCGAGTTTAACTTCTCGCAGCCGATACAGCTCCGGTTCAACGAGCTGATGACAGGTGCGAAAGCCGATATTGCAGTCAAGTTATACGGCGAAGACACGCACGAACTTTATCAGAGGGCAAAGGAAGCCGCCACGTATGTAGAGAAAGTGCCGGGGGCAGCAGACGTCATCGTAGAGCAGACGATGGGATTGCCTCAGCTGGTTGTCAAATACAACCGCGGCAAGATAGCCCGTTACGGCATTAATATCGAAGAACTCAACACGATTATCCGGACAGTGACCCAGCTTTCTTGTACAAAG, CzcA family heavy metal efflux pump [Bacteroides thetaiotaomicron], 36998, 39283, +2, 1.349854
pool1_scaffold258_1, pool1_scaffold258_1-4, , AAGGAAAAGAAAATGAGAAATCTGAGCGAAGAAATAATAAACAAATATCTGACTGGTCAGTGTTCTGAAGAAGAGCTGATGGAGGTAAATGCCTGGATCAGCGAATCGGACGAAAATGCCCGCCAGTTGTTCCGCATGGAAGAAATTTATCATCTGGGTAAGTTTGACCATTATGCCGATGAACAGAGAATGGCTAATGCGGAAAAAAGGCTTTATAAACAACTGTCGCAAGAGAAAAAGAAGAAAGATAAAGTACTGCATATGCATCGCTGGATGAGATATGCGGCCATCCTTGCCGTCGCTTTACTAATGGGCGGAGGAGCCGGATATTGGTTCTACAACCGGCCGGAACATCAGATGCTGGTAGCCGTTGCCAATGAAGGCATCGTGAAGGAAGTTGTCTTGCCAGATGGAACGAAAGTCTGGCTGAACAATGCCGCCACGCTGAAGTACCCGCGCGAATTCTCCGAAAAAGAACGTAATGTGTATCTGGACGGAGAAGCCTATTTCGAAGTGACCAAGAACCGCCATAAACCATTCACGGTAGAAAGCGACGCTATGCGCGTACGTGTACTGGGAACCACTTTCAACTTCAAATGCGACAAACGTTGCCGGATAGCGGAAGCAACCTTGATCGAAGGAGAAATCGAAGTGAAAGGCAACAAGGACGAAGGACAAATTGTCCTCGCCCCCGGTCAGCGTGCCGAACTGAACAGAAACAGCGGACGGCTGACGGTGAAACAGGTCGACGCGAAACTGGATGCTGTATGGCGTGACAATCTGATACCATTCAATAAAGCAAACATATTTACCATCACCAAGGCACTGGAACGCTTCTACGACGTGAAGATCATTCTGTCTCCTGACATTCGGTCGGACAAAACATATTCGGGTGTATTGAAGAAAAAATCAACCATCGAATCGGTATTGAAATCCTTGCAGAATTCCATACCTATTGAATATAAAATCGTAGGAAACAACATCTTTATCTCTTCAGATAAGAAA, anti-sigma factor [Bacteroides sp. 1_1_14], 4830, 5840, +3, 1.327439
pool1_scaffold258_1, pool1_scaffold258_1-5, , AAATTAAAGACACTTCTGATAGGATGTTTCGGAGGATTTATAATGCTCAACTCCTGCACAGAGTCCCCCAGTGTAAAAGATTATAGTGCTTATGTCAATCCTTTCATAGGCACCGGCGGACATGGACATACTTTCCCCGGAGCTGTAGTTCCGCACGGTATGATCCAGCCCAGTCCGGACACCAGGATCGACGGCTGGGACGCCTGCTCCGGTTATTATTACGACGACAACACGATCAACGGTTTTTCGCATACCCACGTCAGCGGTACAGGCTGTTGTGACTACGGAGACGTATTACTGATGCCGACTGTCGGCAAGCCGCAGTATCTGACAACTGATCCGGAAAGCCAGAAACTGGCTTACGCCTCTGCTTTCTCGCACGAGAATGAGACAGCGGAACCCGGATATTACTCCGTCTTCCTCGACACCTATCAGGTAAAAGCGGAGATCACGGCTACCAAGCGCGGCGCCATCCACCGCTACACTTTCCCCGAAAGCACAGAATCCGGATTTATCATCGACCTGGACTACAGCCTGCAACGGCAGACCAACTACGAGATGGAAATCGAAGTAATCAGCGACACGGAAATCTGCGGACACAAGAAGACGACTTACTGGGCTTTCGACCAGTATATTAACTTCTACGCCAAGTTCTCCAAACCGTTCGCATATACCCTCATCACCGACTCTGTCACGATGGACAACGGCAAGCGCCTGCCTGTATGCAAAGCGGTGCTGCACTTCAATACAAAGAAAGACGAAGAAGTACTGGTAAAAGTGGGTGTATCTGCCGTCGATATCGCCGGCGCACGCAAGAATGTGGAATCCGAAATTCCCGAATGGGACTTCGACAAGGTACGAAAAGACGCCCGCACTGCCTGGAACAATTATCTGTCTAAAATAGACATCACCACTTCCGATAAAGAAGATAAAACCATCTTTTATACCGCCCTGTATCATACGGCCATCAGCCCGAACCTGTTTACGGATGCGGACGGACGCTATCTCGGCATGGATCTCGAAGTACATCAGGGAGATACCATCAATCCGCTGTATACTGTCTTCTCCCTGTGGGATACTTTCCGCGCGCTGCACCCGCTGATGACGATCATTGACCCGAATCTGAACAATCAGTTCATCAATTCACTGATTAGGAAACATCAGGAAGGCGGAATATACCCGATGTGGGATCTGGCTTCCAACTACACTGGAACGATGATCGGATATCATGCAGTCCCGGTTATCGTGGATGCCTATATGAAAGGTTACCGCAATTTTGATGCTCACGAAGCATACAAAGCCAGTCTGCGGGCAGCCGAATATGACACGACAGGCATCAAATGCCCCGATCTGGTGCTGCCGCATCTGATGCCCAAAGCGAAGTATTATAAAAACGCTATCGGCTACATCCCCTGCGACCGCGAAAATGAATCTGTAGCCAAAGCATTGGAATATGCCTACGACGACTGGTGTATCTCCATCTTTGCCGAAGCGATGAACGACTTCGAAAACAAAGCAAAGTATGAACGTTTCGCTAAAGCCTATGAGTTCTATTTCGACAAATCGACCCGTTTCATGCGCGGACTGGATTCGAATGGCGAATGGCGCACCCCGTTCAACCCGCGTGCCTCCACTCACCGTAGTGATGACTATTGCGAAGGAACCGCTTGGCAATGGACCTGGTTTGTTCCGCACGATGTGGAAGGACTTGTGAAACTGATGGGAGGCGAGGACGCTTTTGTAGAAAAGCTGGATTCGCTGTTTACAGTCGATTCGAGTCTGGACGGAGAAACCACCTCGGCTGATATCAGCGGACTGATCGGTCAGTATGCACATGGCAATGAGCCGAGTCATCACGTGATTCATCTGTACAACTATGTGAATCGTCCGTGGAGAACGCAGGAATTAGTGGACAGTGTCTACCGGAGCCAGTATGCCAACAACGTAGACGGGTTGTCCGGGAATGAAGACTGCGGACAGATGTCGGCATGGTATATACTCAACTCGATGGGATTCTATCAGGTATGTCCGGGCAAACCGGTGTATTCTATCGGACGTCCGGCTTTCGACAAAGCCGTGATCAATCTCCCCGGTGAAAAGACATTCAGCATCGTGGCGAAGAACAACTCCAAAAGCAACAAATACATCGAAAGCGTATTGCTGAACGGCAAACCTCTGGACACGCCTTTCTTCGGACATCAGGACATTGTAGCGGGCGGAGTCATGGAGATCAGAATGACTGACCACCCTACACAATGGGGAGTCAGACAG, alpha-1-2-mannosidase [Bacteroides thetaiotaomicron VPI-5482], 5872, 8148, +1, 1.360521
pool1_scaffold258_1, pool1_scaffold258_1-6, , AAAAGACTCTTATTAATAGCCTGTATACTTAATTGCACGCTATTGTCCCAAGCCAAAGACTGGACGCAGTACGTCAATCCGCTGATGGGTTCCCAATCTACTTTTGAGTTATCAACAGGCAATACCTATCCGGCTATTGCCCGTCCCTGGGGTATGAACTTCTGGACTCCACAGACAGGCAAAATGGGAGACGGATGGCAATATACCTATACCGCCAACAAAATCCGCGGGTTCAAACAGACACACCAGCCCAGTCCGTGGATCAATGATTATGGTCAGTTCTCGATAATGCCGATAGTGGGCCAACCGGTGTTTGACGAAGAGAAACGGGCAAGCTGGTTTGCACATAAAGGGGAAGTGGCAACTCCTTACTACTACAAAGTATACCTGGCAGAACACGATATAGTCACCGAAATGACACCGACGGAACGTGCTGTGCTTTTCCGTTTCACATTCCCGGAGAATGATCATTCTTATGTGGTCGTAGATGCCTTCGACAAAGGTTCTTACATCAAAATTATTCCGGAAGAGAATAAGATAATCGGTTATACCACACGCAACAGCGGTGGTGTTCCTGAAAACTTCAAGAACTACTTTATCATTGAGTTCGACAAGCCTTTCACCTATAAGGCCACGGTAGAGAACGGAAATCTGCAAGAGAACGTAGCGGAACAGACAACCGACCATGCCGGAGCGATCATCGGATTCAAAACCCGCAAAGGAGAGCAGGTGAACGCACGTATCGCCTCTTCTTTTATCAGCTTCGAGCAGGCTGCCGCTAATATGAACGAACTGGGCAAAGATAATATAGAACAACTCGCCCAAAAAGGAAAAGATGCCTGGAATCAGGTGCTGGGCAAAATAGAAGTAGAAGGCGGCAATCTGGATCAGTACCGTACATTCTACTCCTGCCTGTATCGTTCACTGCTTTTCCCGCGCAAGTTCTATGAGCTGGATGCGAACGGTCAGCCCATTCATTACAGTCCGTATAACGGACAGGTACTTCCGGGATATATGTTTACCGATACCGGCTTCTGGGATACATTCCGCTGCCTCTTCCCGCTGTTGAATCTGATGTACCCGTCGGTTAATAAGGAGATGCAGGAAGGGTTGATCAATACATACCTTGAAAGCGGTTTCTTCCCCGAATGGGCAAGTCCGGGGCACAGAGGTTGCATGGTTGGAAATAACTCCGCATCAATCCTGGTAGACGCCTATATGAAAGGAGTAAAAGTCGATGATATCAAGACGTTGTATGAAGGACTGATTCACGGAACGGAGAATGTGCATCCGGAGGTTTCTTCTACCGGACGATTGGGATACGAGTATTATAATAAACTGGGATACGTACCCTACGATGTGAAAATCAACGAGAACGCCGCCCGTACTCTGGAGTATGCATACGATGACTGGTGTATCTATCGGTTGGCTAAAGAACTGAAACGTCCCAAGAAAGAAATCAGCCTGTTTGCCAAACGTGCCATGAATTACAAGAATCTTTTCGATAAAGAATCCAAGCTGATGCGTGGTCGCAACGAAGACGGTACATTCCAGTCTCCTTTCTCACCACTGAAATGGGGAGATGCCTTTACGGAAGGAAACAGCTGGCATTATACCTGGTCTGTCTTCCACGATCCGCAGGGACTTATTGACCTGATGGGCGGGAAAGAGATGTTTGTTACCATGATGGATTCCGTATTTGCCGTACCGCCCATTTTTGATGACAGCTATTACGGACAAGTGATTCACGAAATTCGTGAAATGACAGTGATGAATATGGGCAACTATGCACATGGTAATCAGCCGATCCAGCACATGATCTACCTCTATGACTATGCGGGACAACCGTGGAAGGCTCAATATTGGTTACGTCAGGTAATGGACAGAATGTACACGCCCGGACCGGACGGTTACTGCGGAGACGAAGACAACGGACAAACTTCTGCCTGGTATGTGTTCTCTGCGCTGGGTTTCTACCCTGTTTGCCCTGGAACGGACGAATATGTGATGGGAACTCCTCTGTTCAAAAAGGCTACTCTTCACTTCGAGAACGGCAATAGTCTTGTTATCGACGCGCCCAATAACAGCACGGAAAATTTCTATATTGATTCCATGAGCTTCAATGGTGCTGATCATACCAAGAATTATCTGCGTCACGAAGATTTGTTCAAGGGAGGTACTATCAAAGTAGACATGAGTAATCGGCCGAATCTGAACAGAGGAACCAAAGAAGAGGATATGCCTTATTCTTTTTCCAAAGAA, alpha-1-2-mannosidase [Bacteroides thetaiotaomicron VPI-5482], 8246, 10513, +2, 1.342195
pool1_scaffold258_1, pool1_scaffold258_1-7, , GAAGAAGAAATTGACTTTACCAAAGTCCCCTATCAGTACGCAATGTGCCTCAATCGGGAATGTTCAAAAGCAAACACTTGCTTAAGACTACTTACAGCACAAAGCGTACCGGAAAAGATTGAATACTGGGTTATTATCAGTCCCAAACATCTCGCTGCCCAACAAGGGAATTGTCCTTATTATCGTTCTAATGTCAAAGTACGTTATGCTAAGGGATTCATCAGAATGTTAGAAGACTTGCCTTATAAGCAAATGCAAACTGTCATATCGCATTTAATGAGCTATTTTGGTCGCAGAACTTACTACCGCATCCGCAAAGGCGAACGCCTCCTTACCCCCTCCGAGCAACAAAGAATATTAAATATCCTCAAGAATTGCGGAGCAACTCATCTACAAAACTTTGATGCATACGTTGAAGATTATGACTGG, hypothetical protein BT_3989 [Bacteroides thetaiotaomicron VPI-5482], 10708, 11142, +1, 1.346692
pool1_scaffold258_1, pool1_scaffold258_1-8, , GCACTGTTGTCACATATTGGTGTCATTGTTGTGCCAACGGCTTGGCACAACAATGACACCGTAGTGGCACAACTGTGCCAAGCCCTTGGCACAAGGGTTCCCTTACGAGGAGACAGGGAGGGACATAGTAGCTTATACAAGAAAAGAGCCAGGCTTTCAAAA, , 11203, 11370, +1, 1.394088
pool1_scaffold258_1, pool1_scaffold258_1-9, , AAAGCACATTATAAACTCTTTTTATCTCTGGCAATAGGATCATTCGTTACTTTTGCTGGATGTCAGGATGATGAGGTGGTGGATTTGGTTAAATATCCGGTGAATCAGCCTGCTATAACGATTGACGATGCGGAAGGAGCGTCTAAAGCGACGTTGACTGCGGTTTACAAATCTGATGGTACATTGGAATTAGATGGCCCTGTCACTAGAACTTATACATTCCATTTTGCTGCATCACCGGAAGATGCTACAGTGACTTTTGATATTATAAATACTAATATCCCAAAAGAAAATGTAGAGATCAGTGCCACTAAAGTAGTTCTTCCTGCCGGTTCAACAGATGCTTCTGTCACTGTGACTTTGAAGGATGAAGATTTTAGTTTTGCAGCATCCAATTATGATGCGACTACTTATGAATTAGGGGTGAAAGCCAGTGTGGAAGGATATAAGATAGGAACTGAACCAATACAATCTAAAGTTGTAATAGAGAAGGAGGCATACACAGCTTCATGCTCTGTGGTTGGTGAGAGCGGTAATAACGTTACATTTGAACGTGCTTTCTCTCAAGGAGCGATTGTAAATCCTGATCCTATATCCTATACTTTCAAGATGAAGTTGGATAAGCCGGCAAGAAAAGACGTAAAAGTGAAACTTGCCACTACGGGATTGGATGAACAGTTCATGAATGATATCACTGTTACTCCTGCTGAAATTACCATAGCTGCCGGAGAGTTAGAATCAGCAGAGGTTACCTGGACTATTACTGATGATTTCTTGCTGACAACAGCTGGAGAAGAATCTCACACTCTTGTTGTTACTGCATCAGCAGAAAGTGAAGACCCCGTTGTGAAGGTTAATAGTAAGGAGAACTTCTTAACCTTTAATGTGGATAAAGTACTTAGAAACTTTAAATATTTGTCTGTTATAGGTAGTAACTGGACTGAATTGTCGAAAGCAGGTTGGAGTGCGGAGATTCCTTCTGGTGTCTCCGGTAGAGCTAGTTATTTGATTGATGGTAATGGAGGAAGCTATGGATCAGATGTATATAGTTATAATCCATTCTGGTTTGTTATTGATATGAAATCAGCACAGACTTTTAATGCTTTGGGTATGGATTATTATTATACGTATGCTTCTAAGAAAGTACGTATTTCAACTTCATTGGATAATGAAAACTGGACTCCACAGGGAGTGTTGGAAGTTCCTCGTGTGGGTAATCATTATTTCCAATTCTTCTCTTCTATAACAGCTCGTTATGTAAAGGTTGAATTATTGGAAGGCTTTGGTTCATATATTGATGTAACTGAAGTTTATATCTACAACGCTCAG, peptidoglycan bound protein [Bacteroides thetaiotaomicron VPI-5482], 11412, 12746, -3, 1.315454
